sqft,bedrooms,bathrooms,age,garage_spaces,lot_size,has_pool,neighborhood,condition,price
2814,2,2.0,39,2,6984,1,Suburban,Average,418202
1520,4,1.5,38,2,5644,1,Urban,Average,323221
1819,3,2.0,19,1,6513,1,Urban,Average,365907
2044,3,2.0,6,1,9528,0,Rural,Average,249493
1326,3,1.5,2,1,10117,0,Suburban,Excellent,324808
1801,4,2.0,47,2,8019,0,Suburban,Average,288974
1799,3,2.0,3,1,7677,0,Suburban,Good,369662
747,3,1.5,47,1,6081,0,Urban,Good,158387
2410,3,2.5,14,2,8661,0,Suburban,Good,408414
2160,4,2.5,17,0,9015,0,Rural,Excellent,335545
1424,3,1.5,9,0,2000,1,Suburban,Excellent,301953
1697,2,2.0,32,2,5975,1,Suburban,Average,293085
2103,3,2.0,46,2,9268,1,Urban,Excellent,496049
1643,4,2.0,40,1,3703,0,Suburban,Average,233817
1654,2,2.0,5,2,11613,0,Suburban,Excellent,389634
928,3,2.0,19,1,5863,0,Suburban,Good,174012
2132,3,2.0,4,2,10773,0,Urban,Average,473525
1874,3,2.0,46,1,12126,1,Suburban,Good,292746
1964,3,2.0,46,1,4331,0,Suburban,Average,250255
884,3,1.0,44,1,9475,0,Urban,Fair,146362
2790,2,2.0,34,1,14012,0,Urban,Good,514222
1892,3,1.5,37,3,6754,0,Suburban,Excellent,366307
1567,3,1.5,41,3,12229,0,Suburban,Excellent,350460
3017,2,2.5,9,2,7560,1,Urban,Good,642063
1772,3,1.5,14,0,9807,0,Suburban,Good,306871
929,3,2.0,22,1,10317,0,Suburban,Fair,161698
1556,2,2.0,2,3,7010,1,Urban,Fair,366724
600,2,3.0,12,2,8872,0,Suburban,Good,172232
2429,3,3.0,3,3,3494,0,Suburban,Average,412171
1550,4,2.0,41,1,6176,0,Suburban,Average,244541
1354,4,3.0,30,2,9490,0,Urban,Excellent,359429
2443,3,3.0,48,1,12631,1,Urban,Average,458159
809,2,1.5,49,2,8699,0,Suburban,Good,145245
2121,3,2.0,24,3,13234,0,Suburban,Good,428740
600,4,1.5,35,2,7605,0,Rural,Excellent,124667
1402,2,1.5,37,2,9762,0,Suburban,Good,233009
1077,3,2.0,18,3,4740,1,Suburban,Fair,181468
2677,2,2.0,17,1,5113,1,Suburban,Excellent,517238
2859,3,2.0,41,2,11531,0,Suburban,Good,461566
1602,2,1.5,44,0,11694,0,Urban,Excellent,327055
2304,5,2.0,4,1,7711,0,Suburban,Good,376971
1692,3,3.0,48,2,2000,0,Rural,Average,190579
2140,3,2.0,24,2,11427,0,Urban,Average,398033
1348,3,2.0,35,1,4643,1,Urban,Good,270259
774,3,1.5,26,2,14429,0,Suburban,Excellent,217387
718,2,2.5,28,2,9643,1,Suburban,Average,180572
2029,4,2.0,34,2,7602,0,Urban,Fair,335245
3148,3,3.0,23,1,11810,0,Suburban,Good,551085
1961,3,1.0,3,2,8882,0,Urban,Average,376246
1485,3,2.0,40,3,3040,1,Suburban,Average,251680
2947,3,2.0,14,2,10306,1,Suburban,Good,495635
1942,3,2.0,39,0,4236,0,Suburban,Good,304197
1860,3,2.0,18,1,4958,1,Suburban,Excellent,423872
1951,5,3.0,42,3,5638,0,Rural,Excellent,313023
1720,4,2.0,5,1,9562,0,Suburban,Good,340112
1614,3,2.0,10,3,10307,0,Urban,Good,400328
939,4,1.0,21,1,8679,0,Urban,Good,245700
2100,2,3.0,47,1,10173,1,Urban,Excellent,537550
1743,3,2.5,0,3,8124,0,Urban,Good,386646
2515,4,2.0,45,2,9079,0,Suburban,Excellent,455113
1578,3,2.0,5,3,9776,0,Suburban,Good,342192
656,3,2.0,6,3,6024,0,Suburban,Average,157105
1740,4,2.0,10,0,4018,0,Suburban,Average,289445
2819,4,2.0,23,1,4069,0,Urban,Fair,409311
1569,5,2.0,16,1,2370,0,Urban,Good,318496
1266,3,2.5,35,1,10026,0,Urban,Average,253979
1083,2,2.0,11,1,2907,0,Suburban,Excellent,232286
1169,2,2.5,31,1,7157,0,Urban,Good,234172
1619,3,2.0,10,1,8479,0,Urban,Good,374496
1092,2,1.5,49,1,9496,0,Suburban,Good,171508
2698,3,1.5,47,1,11341,0,Suburban,Good,405719
1630,2,2.0,25,2,13713,0,Urban,Excellent,403185
1865,3,3.0,47,2,10889,0,Suburban,Excellent,391541
2662,3,2.5,37,0,2655,1,Suburban,Average,372528
2701,2,2.5,31,1,10890,0,Suburban,Good,427700
1672,4,2.0,26,1,6781,0,Suburban,Good,299152
1999,5,1.5,47,3,5436,0,Suburban,Good,336498
2241,3,2.0,20,2,9705,1,Suburban,Fair,339142
1684,3,2.0,15,2,9430,0,Suburban,Average,292400
733,3,1.5,36,1,9244,0,Suburban,Good,145170
2192,5,2.0,6,0,7041,0,Suburban,Average,347456
2336,4,2.0,22,2,4116,0,Urban,Good,491163
2049,5,2.5,18,2,6535,1,Urban,Good,491974
1245,3,2.0,24,2,8834,0,Rural,Good,176479
1682,3,1.5,28,2,4320,1,Urban,Average,341988
1445,2,2.0,33,2,10942,0,Suburban,Average,244471
1620,2,2.5,36,0,10655,1,Suburban,Fair,222949
2578,5,2.5,38,2,9535,0,Suburban,Average,414722
2717,3,2.0,6,1,9211,0,Suburban,Good,448546
2201,3,2.5,13,2,9148,0,Rural,Good,290363
2129,3,1.5,5,2,8259,0,Urban,Good,447674
2205,5,2.0,18,2,2000,0,Suburban,Good,392855
1792,2,2.0,23,2,10933,1,Urban,Excellent,505774
1754,3,1.0,18,2,10518,1,Urban,Good,368228
1395,3,2.0,14,1,8799,1,Suburban,Average,264853
1766,4,2.5,5,3,9898,0,Urban,Good,434513
3155,4,1.5,31,2,5490,0,Suburban,Fair,376060
2321,4,1.0,38,2,11232,0,Rural,Good,293490
1594,3,2.0,3,2,7651,0,Urban,Good,399296
1516,3,2.0,39,2,9161,0,Urban,Average,277395
1281,4,1.5,41,1,8193,1,Suburban,Good,252810
2024,2,2.0,27,2,7716,0,Suburban,Average,319454
2034,3,2.0,29,0,2000,1,Suburban,Good,324995
934,4,1.0,48,1,8286,0,Suburban,Average,142712
2091,4,2.5,41,1,9735,0,Suburban,Good,377181
1458,4,1.5,33,1,8213,1,Suburban,Average,256461
2656,2,2.5,11,2,9467,0,Suburban,Good,454536
1894,4,2.0,41,2,9544,0,Urban,Good,412458
2830,5,1.5,42,2,3470,0,Suburban,Good,413665
1525,3,2.5,27,1,4268,0,Rural,Good,196950
1627,3,1.5,28,2,12162,0,Urban,Good,349512
1979,3,2.0,14,2,9483,0,Urban,Good,452571
2433,3,1.0,31,3,2466,1,Suburban,Good,390090
2139,3,2.0,16,2,7592,1,Urban,Average,398866
1059,2,2.0,0,2,14899,0,Suburban,Excellent,298629
1909,5,2.0,27,1,12219,0,Suburban,Average,296376
1813,3,2.5,1,2,9442,1,Suburban,Good,372443
1542,3,2.5,24,3,8440,0,Suburban,Average,282102
1411,3,1.0,45,3,7157,0,Suburban,Average,246899
2848,2,1.5,12,3,5153,0,Rural,Good,348316
1565,2,3.0,3,0,7226,0,Urban,Good,333441
1292,2,2.0,17,2,11264,0,Urban,Good,316508
2182,4,2.5,39,2,7397,0,Urban,Good,397115
1878,4,2.0,43,3,5915,1,Suburban,Average,330391
1754,5,2.5,43,2,4987,0,Urban,Average,358112
2268,5,1.0,27,0,15009,0,Suburban,Good,420322
2093,3,2.0,49,2,8573,0,Urban,Good,408092
2017,2,2.5,2,0,15225,0,Urban,Good,446636
2378,4,2.0,19,1,9862,0,Suburban,Excellent,467076
1970,3,2.5,7,3,8781,1,Suburban,Good,445696
1429,4,2.5,9,3,5937,0,Rural,Average,210811
1582,3,2.5,30,2,10330,1,Urban,Good,387484
1487,3,1.5,14,2,2000,0,Suburban,Good,276875
1925,3,3.0,1,0,9659,1,Rural,Average,256046
1153,3,2.0,11,1,9383,0,Rural,Excellent,211040
700,3,1.5,29,1,7910,0,Urban,Good,156463
1852,3,2.5,9,2,10428,1,Suburban,Good,393035
998,5,2.0,29,2,5106,0,Suburban,Average,190657
628,4,2.0,38,2,6778,0,Urban,Good,179632
2023,4,2.0,31,2,10107,0,Urban,Good,434133
1373,5,2.0,30,2,10347,0,Urban,Good,343637
2097,4,1.5,7,2,10376,0,Suburban,Good,387921
1481,4,2.5,33,1,8022,0,Suburban,Average,245752
1126,4,2.5,47,0,6416,1,Suburban,Fair,163222
1053,3,2.0,32,1,4621,0,Urban,Average,216569
1491,2,3.0,16,2,5060,0,Suburban,Good,281733
1635,3,1.0,18,0,4519,0,Suburban,Good,244990
1305,3,1.5,18,2,5013,0,Rural,Average,183058
1631,4,2.5,1,2,10361,0,Suburban,Fair,282740
878,4,1.5,2,2,2000,1,Suburban,Good,225184
1808,3,1.5,30,2,6423,0,Suburban,Average,285155
723,2,1.0,9,2,7176,1,Suburban,Excellent,225240
1683,2,2.0,28,1,11591,0,Urban,Good,377048
2218,4,1.0,41,2,12511,1,Urban,Good,454265
2455,4,2.0,23,2,10747,1,Suburban,Good,493165
2828,3,1.0,19,2,11042,0,Suburban,Good,439228
866,2,2.0,33,2,8083,1,Suburban,Good,198184
2255,2,2.5,25,2,6226,1,Suburban,Average,360328
2523,2,2.0,10,2,11589,1,Suburban,Good,462908
2388,4,2.0,38,2,2867,0,Suburban,Average,376452
1242,3,1.5,13,3,10634,0,Suburban,Average,243966
2047,3,3.0,21,2,8729,1,Suburban,Average,348110
2916,4,1.0,15,3,10179,0,Urban,Average,521744
901,3,2.0,16,3,5496,0,Suburban,Good,236458
2085,3,2.0,38,1,2000,0,Suburban,Average,266361
2467,3,2.5,49,1,10160,0,Urban,Good,462239
1382,3,2.0,20,2,4850,0,Suburban,Excellent,316878
2149,2,3.0,19,2,11048,0,Urban,Average,421284
1157,3,3.0,5,2,9354,0,Urban,Average,294494
1312,2,2.5,29,0,6045,0,Suburban,Excellent,257014
1309,3,2.0,44,1,3547,1,Suburban,Good,237350
1915,3,2.0,47,1,2458,0,Suburban,Excellent,307548
1745,3,3.0,4,0,3902,0,Suburban,Good,306535
2372,5,2.5,26,0,3471,0,Suburban,Good,383572
1235,4,2.5,27,0,5691,0,Rural,Average,164158
1721,5,3.0,48,0,6081,0,Suburban,Good,269889
2376,5,2.0,47,0,11688,0,Suburban,Good,365346
2136,3,2.5,9,2,11074,0,Suburban,Good,410697
1005,2,2.5,22,2,6071,0,Suburban,Excellent,239538
2199,5,2.0,27,1,8428,1,Urban,Excellent,553381
1512,3,2.5,43,2,10757,0,Urban,Average,279565
2031,4,1.5,36,0,8325,0,Urban,Excellent,402768
1980,4,1.0,45,3,9705,1,Rural,Excellent,350352
2531,3,2.5,48,1,6736,0,Suburban,Fair,307013
1869,3,3.0,23,2,12445,0,Urban,Good,445630
687,3,2.0,3,1,6449,1,Suburban,Fair,162099
978,3,2.0,34,3,11190,0,Suburban,Good,209695
2238,2,1.5,14,1,10608,0,Urban,Average,414163
1645,3,3.0,26,0,10400,0,Urban,Good,329661
2482,3,2.0,18,1,12623,0,Rural,Excellent,381734
1964,4,2.0,46,0,6902,1,Urban,Good,399766
1350,3,2.5,18,3,5954,1,Suburban,Good,327469
2449,4,2.0,31,3,7232,0,Suburban,Good,415409
1315,3,3.0,15,1,7994,1,Urban,Average,285166
600,3,2.0,23,0,14742,0,Urban,Excellent,240916
3038,3,2.5,24,2,5223,1,Rural,Good,400922
653,3,1.5,13,3,8441,1,Suburban,Average,194821
2181,4,2.0,41,3,12285,0,Urban,Excellent,535441
2363,3,2.0,23,2,10714,0,Urban,Excellent,591982
1888,3,2.0,33,2,6763,1,Urban,Excellent,497035
789,4,2.5,45,1,10636,0,Suburban,Good,175547
2409,3,3.0,37,2,4837,0,Urban,Good,498866
935,4,2.0,11,1,10950,0,Suburban,Good,222890
993,3,2.0,37,2,8719,0,Urban,Excellent,238481
1582,2,1.0,39,2,6333,0,Urban,Good,286641
2273,3,2.0,34,2,7430,0,Suburban,Good,382041
1980,3,2.0,2,2,11721,1,Suburban,Excellent,460684
2286,2,1.5,43,2,6722,0,Suburban,Average,335091
1533,3,3.0,14,1,8058,0,Urban,Good,334117
1696,3,1.5,5,1,8574,0,Urban,Good,402230
1117,4,2.0,32,2,7306,0,Urban,Average,233715
1609,3,1.0,36,2,3413,0,Urban,Excellent,370860
2155,3,2.0,29,2,8480,0,Suburban,Average,332000
1620,5,2.5,42,3,12315,0,Urban,Good,394208
2085,2,2.0,46,3,7404,0,Rural,Good,246407
1456,4,2.5,27,2,11014,1,Rural,Fair,215581
1444,3,2.5,36,2,11458,0,Urban,Good,352074
1823,3,2.0,9,2,11599,1,Rural,Average,274644
1683,3,1.5,41,2,7186,1,Urban,Good,333145
2155,3,2.5,46,3,8114,0,Urban,Good,457836
1906,3,3.0,18,2,5284,0,Rural,Excellent,284995
2844,4,1.5,18,2,4063,0,Urban,Average,501020
1668,4,1.0,28,3,8312,0,Suburban,Average,246569
1663,5,2.5,43,2,12022,1,Suburban,Average,304373
1175,5,2.0,36,2,5594,0,Suburban,Good,227148
1813,3,2.0,31,2,6458,0,Suburban,Fair,247159
2209,4,1.5,48,2,7773,0,Suburban,Good,394788
1355,4,2.0,40,1,5382,1,Suburban,Average,222381
1770,2,3.0,17,1,7139,1,Urban,Average,362137
2231,4,1.5,38,1,5034,1,Urban,Good,452340
1723,3,2.5,36,3,3169,0,Suburban,Excellent,356556
1488,3,2.0,0,1,8928,1,Rural,Average,241529
2383,3,2.0,2,1,8666,0,Urban,Good,519778
1858,4,2.0,35,2,6642,0,Urban,Average,341718
2037,4,2.0,7,2,8546,0,Rural,Fair,242248
2502,2,1.5,18,2,11265,0,Urban,Excellent,550440
2487,4,2.5,34,1,5355,0,Suburban,Average,353488
1591,3,3.0,8,1,11752,0,Urban,Average,380003
1484,4,2.0,25,0,7253,0,Urban,Average,260993
1970,3,2.0,46,0,8088,0,Rural,Excellent,270292
1720,3,2.5,2,1,11102,0,Urban,Average,346711
660,2,1.5,21,2,8188,0,Rural,Excellent,131100
2565,3,1.0,20,2,2000,1,Suburban,Average,405468
1811,3,2.5,10,2,6631,0,Suburban,Average,311196
2241,3,2.0,28,2,3284,1,Urban,Excellent,519429
1096,4,2.0,8,2,2000,0,Urban,Good,275197
2572,3,1.0,10,1,10751,1,Suburban,Average,409667
1447,2,2.5,7,3,10120,1,Urban,Good,410013
1735,2,2.0,19,1,13793,0,Suburban,Good,320586
959,2,1.5,23,2,4142,0,Suburban,Excellent,204054
1699,3,2.0,3,1,10208,0,Urban,Good,398994
1662,4,3.0,47,2,8970,0,Urban,Good,369022
1688,3,2.0,18,3,8860,1,Suburban,Excellent,424459
2063,4,3.0,10,1,11882,0,Rural,Good,309846
1836,3,3.0,38,2,8290,0,Urban,Average,335544
2385,4,2.5,28,1,5323,0,Rural,Good,288530
1519,4,2.0,42,2,11982,0,Rural,Good,219524
1202,3,2.0,29,1,11487,0,Suburban,Excellent,257226
1788,4,2.0,36,2,13065,1,Suburban,Good,379801
2177,3,2.5,3,1,8628,1,Suburban,Average,400235
2546,5,1.5,5,3,2000,1,Suburban,Good,470829
2288,2,2.0,39,2,9516,0,Urban,Fair,382574
740,2,2.0,5,2,8818,0,Urban,Good,250724
2026,2,3.0,40,2,11147,0,Urban,Good,407600
2676,4,3.0,16,2,14149,0,Urban,Good,569157
1837,2,2.0,10,1,5254,0,Urban,Fair,293930
1490,3,2.0,48,1,2127,1,Urban,Fair,249470
1985,3,2.5,24,2,9092,0,Rural,Good,278799
1498,3,2.0,18,2,7791,0,Suburban,Good,277871
2183,3,2.0,27,2,5184,0,Rural,Good,293643
1792,4,1.5,41,2,9128,1,Urban,Good,408387
2635,3,2.0,38,3,5068,1,Suburban,Fair,346590
2099,3,2.0,45,1,3336,1,Urban,Fair,325605
1365,3,2.0,20,2,8792,0,Suburban,Average,222895
2162,2,2.0,0,2,8926,0,Rural,Average,270821
2361,4,1.0,43,1,5859,0,Suburban,Average,341046
1458,3,2.0,1,1,6171,0,Rural,Average,188694
1544,4,1.0,39,3,10300,0,Urban,Fair,271261
600,2,1.5,33,1,8999,0,Suburban,Average,100291
2342,3,2.5,48,0,6681,0,Suburban,Good,342231
1447,3,1.5,28,1,3765,0,Suburban,Good,245741
600,3,2.0,26,1,5438,0,Suburban,Average,117466
738,3,2.0,34,0,7297,0,Suburban,Fair,104143
1666,3,1.5,19,1,5710,0,Urban,Good,346890
2256,3,2.0,15,2,5633,0,Suburban,Fair,328566
1746,3,2.0,3,2,11298,1,Suburban,Excellent,435781
2083,3,3.0,20,2,11733,1,Suburban,Good,428984
1139,3,3.0,32,2,10166,0,Urban,Average,272352
995,3,2.0,49,3,4150,1,Suburban,Fair,156519
2331,2,2.0,5,2,6651,0,Suburban,Good,441143
2095,3,2.0,42,2,5224,0,Urban,Good,434095
1781,5,1.5,5,2,10986,0,Suburban,Good,393732
2569,4,2.0,43,0,3558,0,Suburban,Excellent,442784
1229,5,1.5,26,1,5668,0,Suburban,Average,214362
1547,2,2.0,1,1,7741,0,Suburban,Good,288011
2415,4,2.5,22,1,10396,0,Suburban,Average,396315
2902,2,2.5,19,1,8044,0,Urban,Excellent,640020
1805,4,2.0,40,1,9104,1,Urban,Good,392133
2807,4,3.0,8,1,14694,0,Urban,Average,590646
1438,3,1.5,6,1,13011,1,Rural,Average,209964
1997,5,2.0,14,1,9162,0,Urban,Average,394126
1695,3,2.0,48,2,3732,0,Suburban,Average,256193
847,3,2.0,14,1,8284,1,Suburban,Good,214509
1954,3,2.0,40,1,7734,0,Suburban,Fair,248494
2359,4,1.0,46,3,6372,0,Urban,Good,490409
1711,3,2.5,37,2,5007,0,Urban,Good,341484
1757,3,1.5,26,3,2214,1,Suburban,Good,362325
2635,3,2.0,3,2,7241,0,Suburban,Average,439666
1050,4,1.5,20,1,3044,0,Rural,Good,147777
901,2,2.5,28,1,9507,0,Urban,Good,228686
1407,3,1.0,8,2,6471,0,Suburban,Good,277912
1082,2,3.0,8,1,6739,0,Rural,Good,177597
2607,3,2.0,25,0,10781,0,Suburban,Excellent,454137
1985,2,1.5,6,2,8414,0,Suburban,Average,298184
1281,3,2.0,33,0,8729,1,Suburban,Good,239616
1431,5,2.0,8,0,8844,0,Urban,Fair,284325
3516,3,1.5,7,2,7061,0,Urban,Good,639908
1433,2,2.5,19,1,12622,0,Rural,Excellent,278859
1342,3,2.5,36,2,10083,0,Suburban,Good,269254
1982,2,2.0,39,2,8874,0,Urban,Average,375735
2182,3,3.0,49,0,4878,0,Urban,Good,366458
1933,3,2.5,29,3,9720,0,Urban,Average,377313
1254,2,1.5,48,1,5557,0,Rural,Good,138878
1104,4,2.0,40,2,4668,0,Urban,Good,256983
2157,3,2.0,29,2,7917,0,Suburban,Fair,306567
1767,3,2.0,0,1,12250,0,Suburban,Good,335517
815,2,2.0,8,2,10944,1,Rural,Good,184578
2502,5,2.0,30,0,7480,0,Suburban,Average,355699
2265,3,2.5,8,1,7000,0,Suburban,Average,358161
1655,3,2.0,11,3,8559,0,Urban,Good,423254
1643,2,2.5,40,1,6599,0,Rural,Average,189011
1938,3,2.0,37,2,8404,0,Urban,Good,419826
1387,2,1.0,43,2,5991,0,Suburban,Fair,181973
991,3,3.0,25,1,8441,1,Suburban,Good,213964
1993,2,1.5,13,1,6623,0,Rural,Good,267374
936,3,2.0,36,1,5492,0,Urban,Excellent,231817
2034,3,1.0,14,2,4239,1,Urban,Average,376360
935,3,2.0,18,2,4559,0,Urban,Average,210490
1740,4,2.0,25,2,9774,0,Urban,Good,365251
1718,2,2.0,15,3,10576,0,Urban,Fair,309944
2869,3,3.0,47,2,12816,0,Suburban,Good,508131
1161,4,1.5,2,1,4606,0,Suburban,Good,234616
951,3,3.0,27,3,9930,0,Suburban,Average,225282
1412,2,2.5,8,2,6831,1,Suburban,Good,311486
1125,2,1.5,3,2,6745,0,Urban,Average,253358
1446,2,1.5,14,2,5354,1,Suburban,Average,235561
2052,2,1.0,0,3,9455,0,Urban,Good,486415
2263,3,2.0,13,1,6306,0,Urban,Excellent,541479
2795,5,2.0,48,2,11858,0,Suburban,Fair,377933
1357,3,3.0,34,2,6113,1,Suburban,Average,274692
3383,4,1.5,7,1,7394,1,Urban,Average,598700
2989,3,2.5,5,2,9701,0,Urban,Good,655883
1677,5,2.0,35,3,8991,1,Rural,Excellent,311930
600,3,1.0,13,2,10136,0,Suburban,Good,154310
1750,3,2.5,37,1,2731,0,Urban,Good,337807
1843,3,2.0,49,2,6565,0,Suburban,Excellent,335263
600,2,1.5,1,0,2776,0,Urban,Average,138684
1844,2,2.0,34,1,6989,0,Urban,Good,361286
1679,4,1.5,44,1,10807,1,Suburban,Average,276781
1328,4,1.5,1,2,5313,0,Urban,Good,334287
2175,2,2.0,23,1,2432,0,Rural,Good,264352
2403,3,2.0,26,2,10027,0,Urban,Excellent,554059
1508,3,1.5,28,2,5491,0,Rural,Fair,167888
1937,2,2.0,15,3,9893,0,Urban,Average,394719
1407,5,3.0,3,1,9177,0,Suburban,Good,309423
1328,3,2.0,45,3,7614,0,Suburban,Good,230140
1847,3,2.0,46,1,8490,0,Suburban,Average,268212
2114,3,1.5,44,2,12102,0,Urban,Average,388119
1462,3,1.0,1,2,2000,0,Rural,Average,201309
600,5,2.0,39,2,6412,0,Urban,Good,178488
2151,4,1.5,25,2,3904,0,Suburban,Good,363919
842,3,2.5,34,1,2000,0,Rural,Good,126953
1873,4,1.5,21,2,9072,1,Suburban,Good,371629
2867,3,2.0,19,2,12390,0,Urban,Good,595809
1789,3,2.0,12,2,7167,0,Suburban,Good,336236
1086,3,2.0,23,0,7646,0,Rural,Average,139789
923,3,2.0,36,2,8940,0,Urban,Average,196134
2502,4,2.5,17,3,4570,0,Suburban,Average,367697
1789,3,2.0,41,2,4126,0,Urban,Average,304378
2123,2,2.5,48,2,9186,1,Urban,Average,402943
2355,4,2.5,37,2,10767,0,Urban,Good,488557
1770,3,2.5,40,3,9563,1,Rural,Average,233559
1614,4,2.0,30,3,4980,0,Urban,Fair,309178
1231,4,1.0,13,1,5450,0,Urban,Excellent,325240
600,4,1.0,2,2,7204,0,Urban,Good,216619
889,5,2.0,24,2,10503,0,Urban,Fair,204724
1758,3,2.0,33,2,4467,0,Suburban,Excellent,325934
1694,3,2.0,3,1,12996,1,Suburban,Good,375940
2042,3,1.5,15,2,5231,0,Urban,Average,369845
1723,2,2.0,40,2,13552,0,Suburban,Average,285849
1895,5,2.0,1,2,4673,1,Suburban,Good,375671
2272,4,1.0,37,1,12812,0,Urban,Excellent,523339
1268,4,2.5,21,2,5698,0,Suburban,Excellent,271412
1627,3,2.0,46,1,2786,0,Urban,Good,296868
835,3,1.5,0,2,7899,0,Suburban,Average,201136
2383,3,2.0,13,2,7826,0,Rural,Excellent,329799
1823,2,2.0,17,0,10728,1,Rural,Good,271383
2093,3,1.0,34,2,3131,0,Rural,Good,270316
2725,2,2.0,3,2,9675,0,Urban,Good,578502
2447,3,2.5,44,1,8909,0,Suburban,Average,341244
1763,3,1.5,2,2,3242,0,Suburban,Good,336968
2272,4,2.0,33,1,8304,0,Rural,Good,292043
940,2,2.5,48,3,15138,0,Suburban,Fair,165519
2060,3,2.5,41,2,3514,0,Rural,Good,231440
1883,4,2.0,25,1,6040,0,Rural,Good,253288
829,3,1.0,17,2,7157,0,Urban,Fair,182336
2602,3,3.0,2,2,8882,0,Urban,Fair,452732
1377,4,3.0,24,1,3773,0,Suburban,Good,263367
2209,3,2.5,8,2,12205,0,Suburban,Good,420565
1548,3,1.5,39,1,7023,0,Suburban,Good,232421
2396,5,2.0,46,2,2000,0,Suburban,Excellent,425190
2587,4,2.5,4,2,10725,0,Urban,Excellent,687054
1301,4,2.0,15,2,9232,0,Urban,Excellent,343542
881,3,3.0,28,0,12492,0,Suburban,Good,179799
1721,3,2.0,4,1,6942,0,Suburban,Good,335325
2309,2,1.0,44,2,14627,1,Rural,Excellent,344033
1577,2,2.0,24,3,9283,1,Urban,Average,379039
1431,5,3.0,33,1,8868,0,Suburban,Good,296775
2092,3,3.0,44,3,3240,0,Suburban,Good,380106
600,3,3.0,23,0,11638,1,Suburban,Average,156862
1401,4,1.5,8,1,6187,0,Suburban,Good,278325
969,3,2.0,2,2,6623,0,Suburban,Good,233237
1976,4,2.0,14,2,9823,0,Suburban,Average,331072
1358,2,1.0,26,2,9273,0,Urban,Good,297841
1130,3,2.5,15,1,9358,0,Suburban,Average,214902
1587,3,2.0,45,2,13622,0,Urban,Good,357747
918,3,2.5,49,2,8522,0,Rural,Good,135948
1792,3,2.0,15,2,11516,0,Urban,Good,397454
1390,4,2.0,32,3,8579,0,Suburban,Good,307266
1573,4,3.0,46,1,11043,1,Urban,Fair,310656
1369,3,1.5,38,1,12393,0,Urban,Average,266465
2347,3,2.0,28,1,8554,0,Urban,Good,452920
1734,3,2.0,24,2,14853,0,Suburban,Good,344136
2114,3,2.5,13,1,10102,0,Suburban,Good,393784
2087,2,2.5,6,3,3205,0,Urban,Good,461702
1316,3,2.0,16,3,9560,0,Rural,Average,195897
2141,4,2.0,17,2,11203,0,Urban,Good,475405
2009,5,1.5,4,2,12617,0,Suburban,Good,418135
1988,4,1.0,23,2,6184,0,Urban,Good,441118
1560,2,2.0,41,2,8019,0,Urban,Average,269758
1543,3,1.0,28,3,5373,0,Suburban,Average,264586
2271,2,2.0,34,1,5857,0,Suburban,Good,341575
3109,2,3.0,2,2,10342,0,Urban,Good,677482
1301,3,2.0,14,2,6952,0,Suburban,Excellent,280238
2120,3,2.0,26,2,5564,0,Suburban,Average,317177
1580,2,3.0,45,2,4781,0,Suburban,Good,242585
2270,3,3.0,23,0,8751,0,Urban,Average,415038
2062,4,2.5,39,1,8660,0,Rural,Excellent,327508
2436,4,2.0,19,2,9402,0,Urban,Excellent,595997
600,2,2.5,44,2,6961,1,Suburban,Average,146119
1439,3,2.5,16,2,2060,1,Suburban,Average,255412
1207,2,2.0,46,2,7672,0,Suburban,Good,209500
1735,3,2.0,37,1,9844,0,Suburban,Average,271750
1365,5,2.0,27,1,5368,0,Suburban,Fair,201870
1415,3,2.0,39,1,7336,0,Rural,Excellent,229643
2209,4,2.0,22,2,2000,0,Urban,Good,445027
2941,3,2.0,24,1,7916,0,Suburban,Good,503189
600,3,2.0,45,2,8912,0,Suburban,Fair,103616
1613,4,2.5,18,0,9926,0,Urban,Excellent,404880
1987,3,1.5,40,2,6595,1,Suburban,Average,300567
1802,3,1.5,11,0,4820,1,Rural,Excellent,285246
1592,4,1.5,44,2,7848,0,Urban,Excellent,380920
987,2,2.0,26,2,13448,0,Rural,Good,171588
1234,2,1.0,49,2,11244,0,Suburban,Average,188515
2234,3,2.0,40,3,5971,0,Rural,Good,289292
2445,3,1.5,16,1,6920,0,Urban,Excellent,515402
1858,3,1.0,0,2,8517,0,Suburban,Good,356655
1298,3,3.0,17,1,9738,0,Rural,Average,185735
1857,4,2.0,30,2,5198,0,Suburban,Fair,241302
1655,3,3.0,0,2,7409,1,Urban,Average,385832
2127,3,2.0,3,3,10596,0,Rural,Good,342757
1870,4,3.0,22,2,10937,0,Urban,Good,399816
1426,4,1.5,42,0,9864,1,Rural,Excellent,237169
1914,4,2.0,24,1,7488,0,Suburban,Good,356708
1092,5,1.5,44,2,8364,0,Suburban,Average,193375
2292,2,2.5,5,2,2760,0,Urban,Fair,396181
2509,3,1.5,42,2,6622,0,Suburban,Good,393771
1092,4,2.0,10,3,7446,0,Suburban,Good,281494
2052,5,1.5,43,2,7518,0,Urban,Fair,324480
1205,3,1.0,4,2,10200,0,Urban,Good,297863
2443,4,2.5,2,2,2674,0,Urban,Good,564629
2342,3,2.5,29,1,6999,0,Suburban,Excellent,478633
1661,3,2.5,36,0,8168,0,Suburban,Good,279893
2396,4,3.0,17,2,5938,0,Rural,Excellent,388261
1541,4,2.5,1,2,2000,1,Rural,Good,257552
1414,2,1.0,15,2,7462,0,Urban,Good,337201
1458,3,2.0,41,2,10562,0,Urban,Good,305202
1715,5,2.0,14,2,5988,0,Suburban,Average,306825
1605,3,3.0,42,0,6465,0,Suburban,Good,284034
1892,3,1.0,36,2,9570,1,Suburban,Good,341814
1430,3,2.5,4,3,7193,0,Suburban,Good,324293
2258,3,1.0,46,2,10972,1,Rural,Excellent,356159
2412,3,1.5,6,2,6016,0,Suburban,Average,375981
1502,2,1.5,32,3,13196,0,Urban,Good,370676
943,3,2.0,4,1,9504,0,Urban,Average,242896
2234,3,3.0,19,1,7547,0,Suburban,Good,393390
2483,3,2.5,1,2,6087,0,Urban,Excellent,588114
1702,3,2.0,29,0,6159,1,Suburban,Good,312517
1028,3,3.0,9,1,8178,0,Rural,Excellent,220740
1960,3,1.0,31,2,7749,0,Rural,Good,229894
2714,4,1.0,33,2,7959,0,Suburban,Average,394442
674,4,2.0,34,1,5216,0,Suburban,Average,131852
2086,4,2.0,27,0,5155,0,Urban,Good,408694
1611,3,2.5,20,3,9427,0,Suburban,Average,304123
1286,3,1.0,14,2,10108,1,Suburban,Good,287372
2098,4,2.5,23,2,5560,0,Urban,Excellent,448910
1020,3,2.0,25,2,9461,0,Suburban,Good,217876
1978,3,2.5,43,2,4939,0,Suburban,Average,280249
2587,4,1.0,11,1,3722,0,Rural,Good,341958
1906,4,3.0,9,2,5213,0,Urban,Fair,372088
1274,4,2.5,23,2,5973,0,Urban,Good,330119
732,2,2.0,3,1,5612,0,Rural,Average,125085
1030,2,2.5,19,2,2000,0,Suburban,Good,209457
695,4,2.5,27,1,14033,0,Urban,Excellent,211548
2759,3,2.5,23,3,8361,0,Suburban,Fair,392621
1650,3,2.0,41,0,13252,0,Suburban,Average,236696
1172,2,3.0,0,2,3259,1,Urban,Good,319821
1021,3,2.0,13,2,5727,1,Rural,Good,190775
1159,3,2.0,21,2,10952,0,Urban,Good,294310
1598,3,2.0,6,1,5395,0,Urban,Average,321026
1030,4,3.0,46,3,8284,1,Suburban,Good,227821
2805,3,1.0,21,2,6973,0,Urban,Average,475200
1351,3,2.5,22,2,11501,0,Rural,Good,217240
1330,2,1.5,17,0,2000,0,Rural,Good,161542
1984,4,2.0,48,1,8117,0,Suburban,Good,321270
2670,3,1.5,5,3,7613,0,Urban,Average,532256
2594,2,2.0,3,0,9510,0,Urban,Good,524271
1507,4,2.0,2,1,8234,0,Suburban,Good,295557
1953,3,2.0,9,1,8691,0,Rural,Good,261967
1889,3,2.0,29,1,6397,0,Urban,Good,407164
2117,2,2.0,11,2,8502,0,Urban,Fair,350146
1953,3,1.5,0,2,6625,0,Rural,Good,283479
1233,3,2.0,1,2,12807,0,Urban,Good,360693
1043,3,2.0,16,3,6783,1,Rural,Good,219921
1905,3,2.0,8,2,6053,0,Suburban,Average,298907
1089,3,2.0,23,3,9803,0,Urban,Fair,209103
2617,3,2.0,24,1,5080,0,Urban,Excellent,655186
1823,2,2.0,0,2,4344,0,Rural,Excellent,310741
1184,3,1.5,43,2,11478,0,Suburban,Good,216590
1607,3,2.0,44,3,7600,0,Rural,Average,200156
1495,4,2.5,4,0,4400,0,Urban,Average,320082
1721,4,1.5,1,0,5908,0,Suburban,Good,303746
2367,2,2.0,25,0,8842,0,Suburban,Good,384635
933,3,1.5,35,0,13584,1,Urban,Good,220295
679,4,2.0,9,1,13467,1,Suburban,Average,199745
2002,4,2.0,48,2,7441,0,Suburban,Good,340161
1693,2,2.0,41,2,11176,1,Suburban,Good,334711
1897,2,2.0,47,1,7799,0,Urban,Good,332190
2066,3,2.0,4,2,8392,0,Rural,Good,290293
1691,3,2.0,6,1,7202,0,Suburban,Average,295581
2279,2,2.0,46,3,2000,1,Suburban,Good,372537
1264,3,2.5,42,1,7318,0,Suburban,Good,218108
1838,3,2.0,8,0,6921,0,Suburban,Good,314294
1301,4,2.0,4,1,4993,0,Suburban,Excellent,295745
1122,3,1.0,23,0,8492,1,Suburban,Good,232305
2169,4,3.0,17,1,6245,1,Urban,Fair,374578
2141,4,3.0,3,2,3787,0,Urban,Good,494693
634,3,1.5,47,1,7496,0,Suburban,Good,104311
1126,4,2.0,11,0,10446,0,Urban,Good,276843
1975,2,1.5,41,1,13822,1,Rural,Good,235109
2442,3,2.0,6,1,2906,0,Urban,Average,425683
1400,2,2.5,18,1,11441,0,Urban,Fair,266400
1689,3,2.0,3,2,5116,0,Urban,Good,391661
951,3,1.5,26,1,7801,0,Urban,Fair,181771
3306,4,3.0,41,2,9576,0,Rural,Good,412007
2085,4,2.0,5,0,4545,0,Urban,Average,395729
2336,3,1.0,31,2,8987,0,Urban,Excellent,497329
2194,3,2.0,33,2,7675,0,Urban,Good,436362
2359,5,1.5,26,1,8628,0,Suburban,Good,409212
2164,3,2.5,1,1,4631,0,Urban,Good,498406
1598,3,2.0,18,2,7001,0,Suburban,Average,255441
2246,3,2.0,27,3,7117,1,Suburban,Fair,344255
1847,4,2.5,33,2,6460,0,Rural,Average,246793
2577,3,2.0,39,2,5326,0,Urban,Average,452423
1358,3,1.0,17,2,9184,0,Urban,Good,338051
1475,2,1.0,42,1,8977,0,Urban,Good,272910
2196,4,1.5,35,1,7125,0,Suburban,Good,350284
2567,4,2.0,42,2,7609,0,Suburban,Good,402118
1887,4,2.0,22,3,9445,0,Suburban,Good,350737
1372,3,2.0,31,2,12151,0,Urban,Average,294288
1728,2,2.0,25,2,5844,0,Urban,Good,359651
1501,4,1.0,17,2,3339,0,Suburban,Excellent,318259
2938,2,1.0,23,2,14939,0,Suburban,Fair,410186
2339,3,2.0,4,3,6041,0,Suburban,Excellent,461312
2558,2,2.5,7,2,5059,0,Suburban,Good,456905
1980,3,2.0,39,2,8768,1,Suburban,Average,308922
1466,4,2.0,21,2,8793,0,Urban,Average,334769
2503,4,2.0,6,2,8041,0,Urban,Good,500419
2792,3,1.0,49,3,8385,0,Urban,Good,601100
2149,2,1.0,18,2,4076,0,Rural,Average,253536
1785,4,2.5,22,2,5561,0,Rural,Good,255874
2448,2,2.5,25,2,3328,0,Suburban,Average,380380
1577,3,3.0,20,3,12152,0,Rural,Good,251430
2258,3,2.0,49,2,9585,0,Suburban,Good,362455
1373,4,2.5,33,1,2000,0,Suburban,Good,226821
1217,3,2.5,8,2,7092,0,Suburban,Average,250628
2139,4,2.0,49,0,7009,1,Urban,Good,438133
2002,3,2.5,1,2,12510,0,Rural,Average,284492
2942,3,3.0,36,0,8949,0,Suburban,Excellent,523997
1631,4,1.5,25,2,15799,0,Suburban,Good,345723
1814,3,2.5,17,3,7661,0,Suburban,Average,327974
1116,3,2.0,0,3,6441,0,Suburban,Average,226981
678,4,2.5,48,1,9178,1,Suburban,Excellent,186967
731,3,3.0,13,2,3345,1,Urban,Average,216740
2077,3,3.0,7,2,5208,0,Suburban,Average,339682
1094,3,2.5,30,1,7923,0,Suburban,Good,225954
2476,4,3.0,47,0,9149,0,Suburban,Good,405902
2653,4,1.5,3,2,3859,0,Urban,Excellent,591470
1628,3,1.0,4,1,2000,1,Suburban,Good,317540
2795,3,2.0,31,2,5389,0,Suburban,Fair,354758
1936,3,2.5,0,3,12202,0,Urban,Average,473254
2474,3,2.5,12,2,10408,0,Urban,Average,538004
1664,4,2.5,29,2,5183,1,Rural,Good,255323
2375,4,1.5,8,1,11777,0,Suburban,Good,455686
1234,2,2.0,17,1,5034,0,Urban,Fair,229419
2173,3,2.0,48,2,7486,0,Suburban,Good,344069
1524,3,1.5,49,2,9004,1,Suburban,Good,289078
1721,3,2.0,27,1,17011,0,Suburban,Good,344059
2179,3,2.5,10,2,10699,0,Urban,Average,449571
1903,3,1.5,16,2,8566,0,Rural,Good,252900
1755,3,2.5,29,2,5501,0,Urban,Good,379131
2236,3,1.5,19,2,10540,0,Rural,Good,318468
2281,4,1.0,22,2,8389,1,Urban,Good,529521
968,2,2.0,21,3,6704,0,Urban,Excellent,278379
2135,5,2.5,40,2,8011,1,Urban,Fair,375752
2202,3,2.5,27,2,5560,1,Rural,Good,296147
1348,4,2.5,22,0,8314,0,Suburban,Fair,189470
2031,4,1.5,2,2,4608,0,Suburban,Good,360574
1005,4,1.5,14,2,8037,1,Suburban,Good,250328
2663,3,1.5,10,1,9510,0,Suburban,Average,439526
1657,3,1.5,8,2,12681,0,Urban,Good,387808
1752,3,2.0,42,2,6980,0,Suburban,Good,287541
2518,3,3.0,39,1,5859,0,Rural,Good,325858
1714,3,2.0,41,2,3121,0,Suburban,Fair,220806
2159,3,2.0,42,1,6734,0,Urban,Good,420462
1171,2,3.0,24,2,8196,1,Suburban,Average,250963
1458,4,2.0,19,2,4714,0,Suburban,Average,272498
964,3,1.0,28,1,11403,0,Suburban,Fair,150482
1675,3,1.0,43,1,9254,0,Suburban,Average,239908
2418,4,2.0,19,1,5251,0,Suburban,Good,400360
1934,4,1.5,5,1,4274,0,Urban,Excellent,420056
2330,2,2.0,45,1,2000,0,Urban,Fair,311188
1184,3,2.0,6,1,3045,0,Suburban,Fair,189786
1270,2,2.0,25,1,5617,0,Suburban,Good,193488
1520,5,3.0,7,2,7174,0,Suburban,Good,323022
2143,3,1.0,21,1,9725,0,Urban,Average,346851
2013,4,3.0,21,2,10385,0,Suburban,Good,354269
1790,3,2.0,42,2,12213,1,Urban,Good,415083
2173,4,2.0,38,1,8833,0,Urban,Fair,363734
1709,2,2.0,46,2,18694,0,Suburban,Good,324392
1787,4,2.0,28,1,7143,0,Urban,Good,361544
2582,2,2.0,34,2,9592,1,Suburban,Excellent,467569
1448,4,2.0,14,2,11399,0,Suburban,Fair,241181
1909,3,2.5,9,3,10098,0,Suburban,Good,395392
2767,3,2.0,39,0,11360,0,Urban,Excellent,578548
1861,3,1.5,1,1,9613,1,Suburban,Good,377099
2223,3,3.0,25,2,6043,0,Suburban,Average,365135
1435,3,2.5,9,1,10375,1,Suburban,Good,299437
2973,2,1.0,2,0,6551,0,Suburban,Excellent,496664
600,4,2.0,2,2,9404,0,Rural,Average,139761
1119,3,2.0,31,3,9317,1,Suburban,Average,236208
1167,3,1.5,41,2,8906,1,Urban,Fair,235858
2771,3,2.0,7,2,6855,0,Suburban,Excellent,557483
2011,3,1.5,6,0,5805,0,Urban,Good,389534
1642,3,1.0,21,2,5513,0,Urban,Average,334803
1030,3,2.0,7,3,8335,0,Urban,Good,303820
2018,4,1.0,43,0,2217,0,Urban,Average,292355
1868,3,2.0,49,1,6359,1,Urban,Average,340405
1384,5,2.0,36,1,8056,0,Suburban,Average,239792
905,4,2.0,16,2,7796,0,Suburban,Good,209337
1138,4,2.5,14,3,12188,0,Suburban,Good,288085
1928,2,1.0,3,3,8166,0,Urban,Good,443883
1986,3,1.5,46,1,4132,0,Urban,Good,335224
1843,3,2.0,42,1,3758,0,Urban,Good,365153
1709,3,2.0,34,2,9834,0,Urban,Average,298846
738,3,1.5,24,1,8745,0,Suburban,Average,134442
1829,3,1.5,46,3,5636,0,Suburban,Good,314312
1180,3,1.5,43,1,4669,0,Suburban,Average,170373
1825,3,3.0,30,1,9038,0,Suburban,Average,279801
2079,3,2.0,18,1,6782,0,Urban,Good,397529
1394,5,2.0,43,3,8522,0,Urban,Good,323220
1186,3,2.0,24,1,7331,0,Suburban,Good,219573
2396,4,2.5,48,3,6957,0,Urban,Average,456194
2011,5,2.0,39,0,7690,0,Urban,Fair,336803
1418,3,2.0,40,2,7605,0,Rural,Excellent,228175
600,5,2.5,4,1,5144,0,Urban,Fair,173936
1770,5,2.0,41,3,3904,1,Rural,Average,247123
2177,4,1.0,33,3,8550,1,Suburban,Good,403789
2472,4,3.0,14,3,7516,0,Urban,Excellent,662759
1393,3,3.0,30,1,9783,0,Urban,Excellent,373962
1414,3,2.0,8,0,11779,0,Urban,Average,275692
1534,2,2.5,16,3,6185,0,Suburban,Good,314672
2302,3,2.5,11,2,3929,0,Rural,Good,340143
1095,3,2.0,17,1,8494,0,Suburban,Average,208760
1732,3,1.5,12,2,11410,1,Suburban,Good,372198
1244,4,1.5,5,3,6592,0,Suburban,Good,304610
1961,3,2.5,16,0,8322,0,Suburban,Average,332753
867,3,3.0,8,2,6292,1,Urban,Average,262503
2025,3,2.0,46,0,7055,0,Suburban,Fair,227428
1502,3,3.0,16,1,5574,1,Urban,Fair,273185
1665,4,2.0,48,2,10414,0,Suburban,Average,265742
2115,3,2.0,32,2,6387,0,Urban,Fair,345776
2486,3,2.0,11,2,4164,0,Urban,Excellent,613774
781,3,2.0,9,2,12473,0,Rural,Fair,137684
2402,3,2.0,0,2,8095,0,Urban,Excellent,630187
2134,3,2.5,2,1,2572,0,Suburban,Average,340676
1623,2,3.0,39,2,5512,0,Rural,Good,214684
2642,3,2.5,40,2,7660,0,Suburban,Good,415539
1913,3,2.0,24,1,10055,1,Suburban,Average,327388
2576,4,2.0,4,1,9442,0,Suburban,Average,415489
1444,2,3.0,20,2,6446,0,Rural,Excellent,256890
1279,4,2.0,16,1,6403,1,Urban,Average,281091
2534,2,2.0,16,0,11281,0,Rural,Good,306090
3098,5,1.0,28,3,4507,0,Suburban,Average,450177
2180,5,3.0,23,1,6799,0,Rural,Good,281028
2334,4,2.0,21,1,6124,1,Suburban,Good,408685
1515,3,2.0,27,2,10806,0,Suburban,Good,308306
1004,3,1.5,11,2,12209,0,Suburban,Excellent,249086
1664,5,3.0,10,2,9015,1,Suburban,Fair,295982
2700,4,2.5,33,2,9131,0,Urban,Good,534237
683,4,2.0,22,2,4578,0,Urban,Good,208842
1502,2,2.5,14,2,8634,0,Suburban,Good,297662
651,2,3.0,48,1,11276,0,Suburban,Good,135666
1864,3,2.5,38,2,9992,0,Suburban,Fair,282441
2324,3,1.5,37,2,4516,0,Rural,Average,266086
1054,3,1.0,25,2,9977,1,Urban,Average,288009
1554,3,2.0,21,2,10799,0,Rural,Good,246136
2595,3,2.0,43,1,5499,0,Suburban,Good,386962
1746,4,1.5,37,1,5780,1,Rural,Good,250487
1056,3,1.5,43,1,4779,1,Rural,Excellent,187586
1010,5,1.5,6,0,6534,0,Urban,Excellent,296966
600,3,3.0,29,2,8514,1,Suburban,Average,175847
2263,3,2.5,39,0,10988,0,Urban,Good,423721
1352,3,1.5,25,2,5746,0,Suburban,Excellent,307584
2430,4,2.0,38,3,10874,0,Suburban,Average,366488
2320,4,2.5,2,3,9667,0,Urban,Good,603328
1403,4,2.0,7,2,12558,0,Rural,Good,242404
1483,4,2.0,7,0,10449,0,Urban,Good,326832
2267,2,2.0,36,2,9711,0,Suburban,Excellent,423441
1889,2,3.0,49,1,9574,1,Urban,Average,352784
1960,2,2.0,43,1,4751,0,Suburban,Excellent,324118
811,3,2.0,19,2,9547,0,Urban,Good,241948
2338,4,2.5,20,1,11869,0,Suburban,Good,425496
1274,3,1.5,43,1,5642,0,Suburban,Average,180073
600,4,2.0,49,2,7789,1,Suburban,Good,172375
1429,3,3.0,4,1,13403,0,Suburban,Average,270597
2053,3,2.5,30,2,10234,1,Suburban,Excellent,439815
3058,3,1.5,37,1,9816,0,Urban,Fair,405150
1576,4,1.0,20,2,8176,0,Rural,Good,216247
1002,4,2.5,45,2,7304,0,Urban,Fair,200324
3074,4,2.0,24,3,6956,0,Suburban,Average,491772
1896,5,2.5,47,1,4455,1,Urban,Good,420192
1643,3,2.0,28,3,13008,0,Suburban,Excellent,363108
1154,3,1.0,8,0,4021,0,Suburban,Good,192260
1197,3,1.5,4,0,11810,0,Urban,Good,304090
2687,3,2.0,7,3,5577,0,Suburban,Good,497607
1637,3,2.5,28,1,2918,0,Suburban,Fair,202837
1477,3,3.0,24,2,6662,0,Urban,Good,356903
1494,3,2.0,27,1,2958,0,Urban,Average,283357
2740,3,2.0,12,3,6907,0,Urban,Good,571712
1446,4,2.5,10,2,5514,0,Suburban,Good,306541
2176,2,2.0,32,2,3857,1,Suburban,Excellent,431257
1959,3,2.5,6,2,8581,0,Rural,Good,320625
1943,3,2.5,45,1,6989,0,Rural,Average,216760
1273,4,2.0,27,2,2482,0,Rural,Good,186038
2195,3,2.5,2,1,2000,0,Urban,Average,388226
2765,4,2.0,30,2,9295,0,Suburban,Good,401217
1768,3,2.5,31,2,7717,0,Suburban,Average,271437
1248,4,2.0,21,0,2053,1,Suburban,Excellent,280030
1025,3,1.5,41,1,10613,0,Rural,Average,126898
1914,5,2.5,42,1,8034,1,Rural,Average,251944
1636,4,1.5,3,1,3588,0,Suburban,Average,270710
1737,2,2.0,45,2,9579,0,Suburban,Average,243771
1807,4,2.5,18,0,4358,0,Suburban,Good,307699
914,3,2.0,45,1,5901,1,Urban,Fair,158954
2268,4,2.0,16,2,7738,0,Rural,Good,310505
1940,4,3.0,23,1,9005,0,Urban,Average,350824
1755,5,2.0,11,1,6204,0,Suburban,Average,292651
1939,4,2.0,29,1,8863,0,Rural,Fair,213866
2355,4,2.5,46,2,9538,1,Urban,Good,496460
1832,4,3.0,12,3,8578,0,Suburban,Good,355567
1289,2,1.5,22,2,4190,0,Rural,Good,205582
2499,4,1.0,16,2,11887,0,Urban,Good,581421
1540,4,2.5,45,3,2726,0,Urban,Fair,252603
1364,5,2.0,32,2,7312,0,Urban,Average,314545
862,4,2.0,26,1,9122,0,Urban,Average,199785
1804,3,3.0,29,2,5803,1,Rural,Fair,215295
1171,4,3.0,14,1,9523,0,Suburban,Average,219225
1488,3,2.0,10,1,11001,0,Urban,Excellent,387271
2069,3,2.0,35,1,6124,0,Urban,Excellent,478951
1819,5,2.0,49,1,6575,0,Suburban,Excellent,354497
2409,3,2.0,33,2,11715,0,Suburban,Fair,341758
1983,2,2.0,21,1,11560,0,Rural,Average,233566
1557,2,1.5,21,2,11673,1,Urban,Fair,305844
1602,3,2.5,41,2,6957,0,Suburban,Excellent,347265
1495,3,2.0,20,3,6757,0,Urban,Average,332190
2187,3,3.0,46,3,7984,0,Urban,Good,490190
1812,2,2.5,8,2,3389,0,Urban,Excellent,422540
1553,3,2.0,13,3,4756,0,Urban,Good,350559
2306,5,1.5,48,1,6291,0,Rural,Excellent,302237
1857,4,1.0,12,1,2000,0,Suburban,Good,312010
1520,4,2.0,33,1,2000,0,Suburban,Good,243325
892,3,2.5,14,2,9778,0,Suburban,Good,216438
2062,4,2.0,12,1,7146,0,Urban,Good,429350
1943,2,2.5,21,2,4688,1,Suburban,Good,339624
1830,4,1.0,39,2,12739,1,Suburban,Excellent,425434
1539,4,2.5,11,1,3119,0,Suburban,Average,242561
1299,3,3.0,25,1,6594,1,Suburban,Average,246369
1663,3,1.0,31,2,7288,0,Suburban,Excellent,322696
1938,3,1.5,35,2,5513,0,Urban,Average,350043
1723,2,2.5,19,0,8256,1,Urban,Excellent,450975
1713,3,2.0,48,2,7101,0,Suburban,Excellent,319050
1519,3,2.0,3,2,5377,0,Suburban,Good,315439
2003,3,2.5,45,3,5546,0,Rural,Fair,197785
1940,3,2.5,1,2,10337,1,Urban,Good,444103
1348,4,3.0,11,0,11254,0,Suburban,Good,252815
2256,2,2.0,21,3,10510,0,Suburban,Good,369496
2274,4,2.0,26,2,5729,0,Suburban,Fair,301002
2288,3,1.0,26,3,9509,1,Urban,Good,528291
1721,3,2.0,1,2,8958,0,Suburban,Good,343701
1683,4,2.5,25,0,12391,0,Suburban,Average,263088
1104,3,2.0,22,3,2748,0,Rural,Good,187666
2252,2,2.0,14,1,11294,1,Urban,Good,501369
600,4,2.0,38,1,10395,1,Rural,Excellent,147424
1565,3,1.0,11,3,8945,0,Urban,Good,387740
1596,3,2.0,18,3,4408,0,Rural,Average,219865
2313,4,2.0,24,2,10774,1,Suburban,Good,451664
1799,4,3.0,16,2,9087,0,Suburban,Fair,264771
1221,4,2.0,24,2,8783,0,Urban,Good,308712
943,4,2.0,32,2,13775,1,Rural,Average,168822
1362,4,1.5,40,1,5578,0,Rural,Average,150214
1863,3,2.5,20,1,6583,0,Urban,Good,411257
1833,3,1.5,42,3,5027,0,Rural,Good,249565
1681,3,2.5,46,2,9592,0,Suburban,Average,238135
1389,2,2.0,1,1,10230,0,Rural,Average,186499
1673,3,3.0,25,1,11552,0,Urban,Fair,310439
2398,4,1.0,31,1,5557,0,Suburban,Average,349960
1139,3,1.5,27,1,8287,1,Urban,Good,315361
1820,3,2.5,43,1,11119,0,Suburban,Excellent,353554
2771,3,1.5,8,1,9528,0,Suburban,Average,391041
2132,3,2.0,45,0,9183,1,Urban,Fair,316931
1526,4,2.0,49,3,6633,0,Urban,Excellent,376769
2196,4,2.0,9,3,10503,1,Rural,Good,321422
1348,3,2.0,17,1,2795,0,Suburban,Excellent,246873
1804,3,2.0,28,2,12884,0,Suburban,Good,337151
2732,3,2.0,49,1,4826,1,Urban,Excellent,597654
2936,4,2.5,8,1,8176,0,Urban,Good,671689
774,4,1.5,24,2,7449,0,Urban,Good,205305
2220,3,2.5,7,1,5614,0,Suburban,Excellent,453633
2969,4,1.0,12,3,12871,0,Suburban,Excellent,650103
1472,3,2.5,39,2,3591,0,Urban,Average,257058
1955,5,2.0,34,1,4031,1,Urban,Good,481127
2704,3,2.0,44,2,9160,0,Suburban,Good,438905
1504,4,1.5,48,2,9756,0,Rural,Average,180369
2071,3,3.0,33,2,5020,0,Urban,Good,412743
1764,3,3.0,14,1,7107,0,Rural,Fair,206502
644,4,2.5,16,3,6771,0,Urban,Average,201236
2007,3,2.5,30,2,5705,0,Rural,Good,253424
1689,4,2.5,15,1,5561,0,Suburban,Good,299793
2356,3,1.0,40,2,4549,0,Suburban,Good,364099
3056,3,2.0,34,0,3826,0,Suburban,Good,436835
2210,3,1.5,42,1,9848,0,Suburban,Average,295458
1579,4,1.0,3,2,4496,0,Urban,Excellent,456248
2070,3,2.0,22,0,8675,0,Urban,Fair,335637
1921,2,3.0,25,1,11604,1,Urban,Excellent,481351
2413,4,3.0,19,3,8227,0,Urban,Average,491917
936,2,2.0,31,2,2802,0,Suburban,Average,173015
1100,3,1.5,34,1,8850,0,Rural,Excellent,165748
600,3,2.0,20,0,9076,0,Urban,Fair,132770
2164,4,1.5,8,2,7992,0,Urban,Average,440772
1788,5,2.5,35,2,2315,0,Suburban,Good,306778
1415,3,2.5,21,1,3843,0,Urban,Average,265645
1364,3,2.0,31,3,8548,0,Suburban,Good,277178
1456,5,2.5,36,1,6635,0,Rural,Good,213330
1243,3,1.5,21,2,8223,0,Suburban,Good,247157
1607,4,2.5,37,2,8958,1,Suburban,Average,308951
1503,3,2.0,5,0,5831,0,Rural,Good,203825
2633,3,2.0,2,1,11085,0,Suburban,Good,440543
1993,4,3.0,33,2,9478,0,Rural,Average,268266
1308,3,2.0,10,2,7439,0,Suburban,Average,255413
1449,3,2.5,8,1,8421,0,Rural,Good,217597
2519,3,1.5,28,1,8615,1,Suburban,Good,392711
2071,3,1.0,25,2,9248,0,Suburban,Good,358740
1977,3,3.0,44,0,9132,1,Suburban,Fair,247276
2232,3,3.0,11,1,7703,0,Suburban,Excellent,464322
2751,3,2.5,19,2,5852,0,Rural,Good,349276
1069,3,2.0,8,0,5195,0,Urban,Average,231828
1352,4,1.5,31,2,8195,0,Suburban,Average,232560
755,3,1.0,37,2,8798,0,Rural,Good,115368
2096,2,2.5,40,2,10809,0,Urban,Average,354801
1572,3,2.5,21,2,2313,1,Suburban,Average,278707
1396,4,1.5,46,2,9099,0,Rural,Average,163256
1342,3,2.0,21,0,10863,0,Suburban,Good,238737
2214,3,2.0,29,1,7456,0,Rural,Good,286451
1714,5,2.0,31,1,2318,0,Urban,Fair,262064
1481,4,2.0,26,2,6871,1,Urban,Fair,298876
2553,3,2.0,25,2,11256,1,Suburban,Excellent,543848
1172,3,1.0,17,1,14114,0,Suburban,Good,241130
1041,3,1.5,14,0,7477,0,Suburban,Good,188982
3356,2,1.5,30,2,5965,0,Suburban,Good,518719
1579,3,2.0,25,2,8362,0,Urban,Average,340019
1473,3,2.0,17,2,12311,1,Urban,Excellent,451433
1363,3,3.0,31,2,3054,0,Suburban,Excellent,288008
1717,3,3.0,12,1,9627,0,Urban,Good,420330
2269,3,2.0,6,1,11920,0,Rural,Good,332580
2252,3,2.0,13,2,11005,0,Suburban,Excellent,486316
2126,4,2.0,40,2,13173,0,Rural,Average,292185
1632,4,2.0,17,1,9225,0,Suburban,Average,283021
905,5,2.0,41,2,12991,0,Urban,Good,294367
1969,3,2.5,37,3,7365,0,Urban,Fair,301440
2711,4,2.5,47,1,10939,0,Suburban,Good,459065
2441,3,2.5,46,2,9407,0,Urban,Good,493958
1699,2,2.0,13,3,7180,1,Suburban,Average,304457
2281,2,2.0,19,1,14624,1,Rural,Good,337241
1568,3,2.0,12,3,9963,0,Rural,Average,240357
1766,4,2.0,31,1,3539,0,Suburban,Good,273904
1059,4,2.5,34,1,11958,1,Urban,Excellent,354395
1610,3,2.5,20,0,6550,0,Urban,Excellent,392395
1884,3,2.0,9,1,11379,0,Suburban,Excellent,384478
1698,4,2.0,37,2,7946,0,Urban,Average,307687
2261,4,2.5,10,2,4263,0,Suburban,Excellent,503691
2930,2,2.0,13,3,6018,0,Suburban,Average,420324
2592,3,3.0,0,1,9259,0,Urban,Good,550506
1617,3,2.0,25,1,11708,0,Suburban,Good,299588
1361,3,1.5,3,2,7626,0,Suburban,Good,317151
1408,3,2.5,6,2,12402,0,Rural,Average,210223
1213,2,1.0,14,0,2468,1,Rural,Good,166829
1820,4,1.5,23,2,2730,0,Suburban,Fair,241099
2052,3,2.0,24,3,8542,0,Urban,Good,449401
1909,4,2.0,31,1,4117,0,Suburban,Excellent,348864
1916,2,2.0,13,2,7727,0,Suburban,Average,291864
1894,2,1.0,16,3,9992,1,Urban,Average,402243
1720,2,2.0,11,2,6853,0,Suburban,Good,315411
1354,4,2.5,23,2,7881,1,Urban,Good,395042
2834,3,3.0,24,1,13421,0,Urban,Good,612606
2428,4,2.0,3,1,7847,0,Urban,Good,476554
1255,2,2.0,4,1,9417,0,Rural,Average,169715
1256,4,2.5,42,2,9532,1,Urban,Fair,244472
1448,2,2.5,22,1,10985,0,Suburban,Good,267855
1819,4,2.0,1,0,8410,1,Suburban,Fair,280545
2555,3,1.5,10,3,11011,0,Suburban,Average,437006
2408,5,2.0,36,2,9899,1,Suburban,Good,446690
2440,3,2.0,7,2,7053,0,Urban,Average,436929
2452,3,2.0,42,2,4688,0,Urban,Fair,372300
2463,3,1.5,8,2,4430,0,Rural,Good,348751
2242,3,1.0,19,3,12745,0,Urban,Fair,410093
2072,4,3.0,9,1,8253,0,Urban,Fair,400426
1728,3,2.0,40,1,3742,1,Suburban,Good,297420
753,4,1.0,2,3,9152,0,Urban,Excellent,299822
1722,4,2.5,3,2,9691,0,Suburban,Good,366569
2881,4,1.5,37,1,6877,0,Urban,Good,530520
1476,3,2.0,48,2,4245,0,Urban,Excellent,308399
1424,3,2.0,9,2,4570,0,Urban,Excellent,389700
2410,3,2.5,37,1,7209,0,Suburban,Excellent,447085
1848,4,3.0,36,1,8706,0,Suburban,Excellent,361682
1511,4,2.0,7,2,6070,0,Suburban,Fair,245327
2734,4,1.0,34,1,3085,0,Suburban,Fair,323507
2174,2,1.5,45,3,9087,1,Suburban,Excellent,401185
2254,3,2.0,20,1,6074,0,Urban,Average,417440
1461,3,1.5,36,2,8786,0,Urban,Good,311193
2098,3,2.0,20,1,9658,1,Suburban,Excellent,482396
2025,4,2.0,31,3,8749,0,Suburban,Average,330536
2266,5,3.0,44,0,10418,0,Suburban,Average,343742
2489,4,3.0,12,1,8802,0,Urban,Average,477031
2475,3,2.0,5,0,8485,0,Suburban,Good,390281
1902,4,2.0,20,2,7768,0,Suburban,Good,352662
2213,4,2.5,17,1,6889,0,Urban,Average,429006
1112,2,2.5,18,2,14745,1,Suburban,Average,252772
2186,3,2.5,26,1,8737,0,Suburban,Average,335826
2210,2,2.0,0,1,9717,0,Suburban,Average,362432
1566,3,1.0,40,3,5517,0,Urban,Excellent,396554
1335,4,2.0,0,2,13698,0,Suburban,Good,334716
1764,2,1.5,49,1,7185,0,Suburban,Average,247173
1071,2,2.0,4,0,6344,1,Urban,Average,263757
2004,3,2.0,43,1,5264,0,Urban,Average,342356
1976,4,1.5,14,1,7986,0,Urban,Good,452875
1230,3,2.5,3,1,9580,1,Suburban,Average,269841
1828,3,2.0,6,2,5655,0,Suburban,Fair,285462
2440,3,2.0,12,2,10327,0,Suburban,Excellent,488934
2437,3,2.0,20,1,2188,1,Urban,Excellent,545155
2406,3,2.0,21,2,13276,1,Urban,Fair,447021
1709,3,2.0,31,2,10852,0,Urban,Average,343967
1597,4,2.0,30,0,3894,0,Urban,Good,346213
1565,3,3.0,33,1,5911,0,Suburban,Average,241891
2155,3,2.0,42,1,8861,1,Rural,Average,277402
3211,2,2.0,40,2,5139,0,Suburban,Excellent,557908
2643,5,2.5,31,2,7618,0,Suburban,Average,439170
2751,2,2.0,1,2,4590,0,Urban,Excellent,671120
2609,3,1.5,43,2,8637,0,Urban,Fair,406493
832,5,2.0,19,2,6862,0,Suburban,Excellent,242486
1679,3,2.5,11,1,4730,0,Urban,Good,360623
1540,3,2.0,29,2,3889,0,Suburban,Good,281306
2549,4,2.0,30,2,5726,0,Rural,Average,309019
2813,3,1.0,2,0,9803,0,Urban,Good,541782
1401,3,1.0,6,2,7391,0,Urban,Average,292369
1823,3,2.0,13,2,6200,0,Rural,Good,274745
2134,4,3.0,34,2,9965,0,Rural,Excellent,327946
1506,4,1.5,31,3,7284,0,Urban,Average,310571
1422,3,2.0,38,1,6134,0,Urban,Fair,211189
1393,4,2.0,27,2,5648,0,Rural,Average,182053
2330,4,2.5,11,2,5913,0,Rural,Good,315204
1254,3,3.0,7,2,14288,0,Rural,Good,224289
2481,4,2.0,26,2,8054,1,Suburban,Excellent,535831
1852,3,1.0,4,1,5247,0,Urban,Fair,323158
2251,4,2.0,20,2,8272,1,Rural,Good,355419
2727,2,2.5,28,2,8200,0,Suburban,Good,438317
1398,3,2.0,3,1,5265,0,Suburban,Average,221815
1309,3,1.0,5,1,3005,0,Suburban,Good,230039
2056,4,3.0,9,2,11897,0,Suburban,Average,409522
1181,3,2.5,3,3,5386,1,Suburban,Excellent,366943
1361,3,2.5,16,1,11108,0,Suburban,Excellent,333683
1731,4,1.5,36,2,10346,0,Rural,Good,245875
1894,2,2.5,8,0,6362,0,Suburban,Excellent,354702
1053,3,1.5,4,3,9653,0,Urban,Good,306620
1570,3,1.5,49,2,6468,0,Suburban,Good,243612
2149,3,1.0,5,2,9139,0,Suburban,Good,417639
2605,3,1.5,23,2,7334,0,Urban,Good,536273
624,3,2.5,37,1,10822,0,Suburban,Good,146696
2582,2,2.5,31,0,7435,0,Suburban,Average,340200
2327,2,2.0,22,2,14377,0,Urban,Good,494304
1150,4,2.0,2,1,8881,0,Suburban,Average,225496
919,3,1.5,19,1,11506,0,Urban,Good,215399
2049,2,1.0,8,2,10583,0,Suburban,Average,301616
1548,2,2.0,15,2,4597,1,Urban,Good,373047
1881,3,2.5,8,2,8992,0,Suburban,Good,375285
2314,4,2.0,6,3,5157,0,Suburban,Average,378268
1577,3,1.0,40,1,2000,0,Urban,Good,271390
1897,5,2.0,12,2,8731,0,Urban,Average,391013
2084,2,2.0,1,0,11286,0,Urban,Good,465051
2331,3,1.5,34,3,7543,0,Suburban,Good,391368
2853,4,1.5,36,3,6703,0,Rural,Good,360517
2816,3,2.0,5,2,8740,0,Urban,Average,532111
1944,3,2.5,45,1,11107,1,Urban,Average,384394
1658,3,1.5,41,2,6762,1,Suburban,Good,300505
3218,3,2.0,30,2,9858,0,Urban,Good,578641
2182,4,2.5,21,2,9247,0,Rural,Good,310874
2055,3,2.0,25,2,9266,0,Rural,Good,285169
1142,3,2.0,22,0,7482,0,Rural,Excellent,179073
2265,3,2.5,20,1,6362,0,Suburban,Good,410980
1336,5,2.5,16,0,11308,0,Urban,Average,280659
1526,3,1.0,8,2,10128,0,Urban,Good,331275
1002,3,2.0,47,3,5801,0,Urban,Good,230862
1490,4,1.0,13,1,6790,0,Suburban,Good,265694
1837,2,1.5,38,2,14560,1,Suburban,Average,306247
904,4,1.0,1,1,9352,0,Suburban,Good,231316
1265,3,1.5,11,1,9566,0,Suburban,Good,259043
1753,5,2.5,41,1,2523,0,Suburban,Excellent,331587
1046,3,1.5,43,2,5686,0,Suburban,Excellent,221831
1052,4,1.0,43,0,9099,0,Rural,Fair,102190
1303,2,2.0,8,1,6087,0,Urban,Average,273217
960,4,2.5,1,2,9515,1,Urban,Average,288517
2166,3,2.0,43,0,8623,0,Urban,Good,387267
1206,3,2.0,49,2,6493,0,Urban,Good,259496
2259,4,2.0,17,3,12751,1,Urban,Good,512490
2352,3,2.0,2,2,8286,0,Urban,Good,489653
1084,3,2.5,32,1,5083,0,Urban,Excellent,264012
1824,3,2.0,5,2,5202,0,Suburban,Good,341094
1514,4,2.0,36,2,14242,0,Urban,Good,335640
1120,3,2.0,35,1,9203,0,Suburban,Good,226400
1600,3,3.0,36,0,12381,0,Urban,Fair,272884
1655,3,2.5,35,2,7993,0,Rural,Average,210636
2224,4,2.0,1,2,5973,1,Rural,Average,315643
2412,2,2.0,40,3,2000,1,Urban,Good,474663
1142,3,2.0,1,2,5037,1,Urban,Good,339765
1557,4,1.0,43,2,4280,0,Rural,Fair,168831
2117,3,1.0,38,2,11535,1,Urban,Fair,339964
2504,3,2.0,48,1,2950,0,Suburban,Good,401904
600,3,2.0,46,3,12029,0,Rural,Good,130954
2564,2,2.5,44,2,3432,0,Urban,Fair,389829
1699,3,2.0,25,1,3284,0,Urban,Average,330867
2716,4,2.5,46,2,5192,0,Urban,Average,494847
1546,3,2.0,23,1,8545,0,Urban,Average,274850
1302,4,2.0,5,1,4356,0,Suburban,Good,248882
1826,3,2.0,36,3,9691,0,Urban,Average,354527
2499,3,3.0,41,2,11611,0,Suburban,Excellent,494050
1818,4,3.0,20,2,11068,1,Rural,Excellent,337558
600,3,2.5,46,3,7538,0,Suburban,Excellent,166035
2209,4,2.0,18,3,5156,0,Suburban,Excellent,428865
836,3,1.5,34,1,6115,0,Suburban,Average,134788
1214,2,1.0,35,1,7771,1,Suburban,Average,211642
1104,5,3.0,15,3,8060,1,Urban,Good,387302
699,3,1.5,26,1,4794,0,Urban,Average,148982
1049,4,2.0,30,1,8091,0,Suburban,Good,218910
1208,2,2.5,21,2,13982,0,Suburban,Good,254636
1433,3,1.5,14,1,8035,0,Rural,Average,174482
1768,3,2.5,34,3,9473,0,Suburban,Average,323560
1599,4,1.5,1,2,6515,1,Suburban,Good,336596
911,2,2.5,3,2,15365,0,Suburban,Excellent,278426
1690,3,2.5,20,3,2601,0,Suburban,Average,268940
2383,4,2.0,40,2,3439,0,Suburban,Fair,318289
2368,3,2.0,0,2,9637,1,Suburban,Good,490731
1880,3,2.0,49,3,3167,0,Urban,Excellent,456254
2171,5,2.0,12,2,2891,0,Urban,Good,441772
2335,3,3.0,46,2,5220,0,Suburban,Excellent,459217
2616,4,2.0,20,2,9865,1,Urban,Good,572084
2817,4,2.0,12,0,10447,0,Rural,Average,342699
1607,4,2.0,39,3,9493,0,Urban,Good,346582
1637,3,1.5,17,2,10982,0,Suburban,Average,256276
2683,3,2.0,46,0,11558,0,Suburban,Excellent,465444
2736,3,2.0,40,2,5590,0,Suburban,Fair,360249
2724,3,2.5,25,2,6865,1,Urban,Good,602691
600,4,2.0,41,1,11107,0,Suburban,Excellent,170733
1668,5,3.0,7,1,12410,0,Urban,Excellent,515652
600,3,2.0,6,2,9211,0,Urban,Good,203817
2237,4,2.0,18,3,2000,0,Rural,Good,335591
1833,3,1.5,12,2,7230,1,Urban,Good,456517
1831,4,2.5,37,2,5728,0,Urban,Good,359268
1717,3,1.0,43,1,10077,0,Urban,Good,301177
2582,3,1.5,31,2,6835,0,Suburban,Good,404942
1624,3,2.0,23,3,8921,0,Rural,Average,221913
2419,3,2.5,31,2,10136,0,Suburban,Excellent,465662
2132,2,2.0,26,2,13081,1,Suburban,Fair,303400
2014,4,2.0,35,1,13523,0,Urban,Average,390620
2077,3,3.0,26,3,9561,1,Suburban,Average,372576
1866,3,2.5,44,1,4611,0,Suburban,Fair,225492
1143,3,1.0,36,2,11110,1,Rural,Average,159677
2229,3,1.5,17,0,9431,0,Suburban,Average,315949
2227,5,2.0,33,1,4203,0,Suburban,Good,342369
1713,4,2.5,35,2,5684,0,Rural,Fair,174182
2238,4,2.5,13,1,9173,0,Suburban,Good,405302
2339,2,2.5,34,0,10502,0,Suburban,Good,367257
1031,3,1.5,6,1,11032,1,Urban,Average,261064
1714,4,1.0,33,2,8957,0,Suburban,Average,264602
1534,2,2.0,18,2,2773,0,Suburban,Good,269496
1256,4,1.0,20,2,3854,0,Suburban,Good,249393
1993,4,2.0,36,2,8570,0,Suburban,Average,324654
1294,5,3.0,45,0,7252,0,Suburban,Excellent,260492
1539,3,2.0,36,1,11365,1,Urban,Average,313471
1947,2,2.0,28,1,3411,0,Urban,Average,333345
2009,3,2.0,19,1,8936,0,Rural,Average,229998
1992,4,1.5,0,2,12554,0,Suburban,Good,391010
3140,2,1.5,11,1,16941,1,Suburban,Fair,435649
1497,3,2.5,39,2,6836,1,Suburban,Good,315521
1950,4,3.0,23,2,9287,0,Rural,Fair,234355
1076,3,2.0,38,2,3675,0,Urban,Average,226934
2088,4,1.5,14,2,3273,0,Urban,Fair,375037
2492,2,2.5,42,2,10369,0,Urban,Fair,391956
2528,3,2.0,17,1,11501,0,Suburban,Excellent,495057
1418,3,2.5,38,0,11214,0,Urban,Good,276366
1632,4,2.0,45,1,8604,0,Suburban,Average,241405
2557,3,2.0,36,2,9540,0,Rural,Fair,266701
1743,3,2.0,45,3,3600,0,Suburban,Fair,227578
2375,3,2.0,36,0,6360,0,Suburban,Average,313385
1216,3,1.5,17,1,5978,0,Rural,Fair,141929
2630,2,1.5,11,1,5417,1,Suburban,Fair,345465
2416,4,2.0,38,1,8412,1,Suburban,Average,359728
2078,4,2.5,1,1,8091,1,Rural,Good,339775
1320,3,1.0,20,2,8751,0,Rural,Excellent,226246
1704,3,1.5,2,1,14434,0,Urban,Good,383995
1890,5,1.0,42,3,13123,0,Suburban,Good,337732
1958,3,3.0,47,0,4836,0,Suburban,Average,280588
1737,3,1.5,22,2,4977,0,Suburban,Good,294456
1668,4,2.0,10,2,8539,0,Suburban,Good,327711
1915,4,1.0,10,1,6262,0,Urban,Good,448044
2637,4,2.0,39,2,11102,0,Suburban,Excellent,494576
600,3,2.0,16,3,6818,0,Urban,Good,207565
976,2,2.0,7,0,10374,0,Rural,Good,161861
873,3,2.0,45,3,6198,0,Urban,Excellent,242320
1387,3,1.5,2,0,8299,0,Suburban,Excellent,312969
755,4,3.0,49,1,2047,0,Urban,Excellent,170968
2131,2,2.5,48,1,11293,1,Suburban,Excellent,457659
1857,4,1.5,26,1,9881,0,Urban,Good,417298
1647,2,2.0,8,1,5844,0,Suburban,Average,268367
1391,3,1.0,47,2,2000,0,Urban,Average,219470
1894,3,2.5,46,2,5126,0,Urban,Average,334659
1906,5,2.5,3,1,3973,1,Suburban,Good,390519
1998,5,2.0,48,2,7090,0,Suburban,Good,353112
1362,2,2.0,34,3,4338,0,Suburban,Average,214840
2189,3,2.5,39,1,7020,1,Urban,Average,372743
918,3,2.0,25,2,5459,0,Suburban,Excellent,225158
2549,3,1.0,49,1,10028,0,Urban,Good,496164
600,5,2.0,39,1,9431,0,Suburban,Good,141160
1443,3,2.0,44,2,11973,0,Suburban,Fair,218376
1078,3,3.0,1,0,7471,1,Urban,Average,285923
2273,3,2.0,4,2,3890,0,Suburban,Good,377749
908,4,1.5,3,3,7166,0,Suburban,Good,227625
2893,4,2.5,42,2,7285,0,Suburban,Fair,352655
873,4,3.0,46,2,4754,0,Suburban,Good,187755
3017,3,1.5,7,0,12124,0,Suburban,Good,469001
2068,4,2.0,0,0,7416,0,Suburban,Excellent,385959
1818,5,2.0,20,2,9592,0,Suburban,Excellent,427147
2061,3,2.5,9,2,2000,0,Suburban,Good,371654
3115,4,2.5,31,2,5511,0,Rural,Fair,320822
2335,3,2.0,9,1,4417,0,Suburban,Average,338360
600,3,2.5,38,0,7769,0,Suburban,Average,106405
2516,3,2.5,7,2,7571,0,Urban,Excellent,596021
1939,2,1.0,22,2,6134,1,Suburban,Average,323193
829,3,3.0,41,2,5533,0,Suburban,Good,176661
2256,3,2.5,46,0,8275,0,Suburban,Average,318640
1073,3,2.0,9,2,11204,0,Suburban,Average,241616
1908,4,2.5,41,2,6728,0,Rural,Good,261207
1939,4,2.5,41,2,14628,0,Urban,Excellent,500850
1410,4,1.0,17,3,11628,0,Rural,Good,239651
2188,3,2.0,23,3,6037,0,Rural,Good,297001
1187,3,1.5,18,0,14094,0,Suburban,Average,203688
1914,3,2.0,46,2,12355,0,Urban,Good,396460
1471,4,2.5,44,2,16450,0,Suburban,Average,272763
1690,4,2.0,38,2,11524,1,Suburban,Average,304886
2953,3,2.0,49,1,7012,0,Suburban,Excellent,457410
1867,4,1.5,38,2,6175,0,Suburban,Excellent,372384
1147,3,2.0,34,3,7889,0,Rural,Average,173054
1729,2,1.5,33,2,7191,0,Urban,Good,352899
1338,4,2.0,24,1,9263,0,Rural,Average,174408
1815,3,2.5,38,2,6658,0,Urban,Good,383621
1897,4,2.0,32,3,7431,0,Suburban,Average,289314
1850,3,2.0,34,2,7281,0,Suburban,Good,329241
1850,3,3.0,21,2,3106,0,Rural,Good,280578
1473,4,2.0,42,1,10764,1,Urban,Average,301484
2069,4,2.0,0,1,5864,0,Urban,Average,376406
2434,2,2.0,22,2,7282,0,Urban,Good,482275
1427,5,2.0,2,1,8172,1,Urban,Fair,319023
1764,3,3.0,29,2,13475,0,Suburban,Fair,269232
1836,4,1.0,4,3,4240,0,Urban,Average,363626
2552,5,1.5,13,2,5829,0,Rural,Average,330822
2447,4,2.5,13,1,2000,0,Suburban,Average,368452
1361,3,1.0,18,1,6955,0,Urban,Average,266476
1843,5,2.0,2,2,12843,1,Suburban,Excellent,494405
903,4,2.0,46,0,11093,0,Suburban,Average,146438
1220,3,1.0,4,1,9983,0,Rural,Average,183974
1809,5,2.0,5,2,5885,0,Suburban,Good,372120
2177,3,2.0,12,0,6879,0,Suburban,Average,308227
2372,3,2.0,36,1,6551,0,Urban,Average,397589
1613,3,2.0,19,3,8126,0,Suburban,Excellent,350356
988,3,2.5,25,2,12521,1,Rural,Good,202142
2038,3,1.0,12,0,11924,1,Urban,Average,367883
1696,3,1.5,31,2,6834,0,Urban,Good,351554
2054,3,2.5,49,3,14100,0,Suburban,Excellent,443890
1896,3,2.5,29,1,6284,0,Suburban,Excellent,360093
2229,3,2.0,23,2,8655,1,Suburban,Good,408880
2192,4,1.0,11,2,4289,0,Rural,Average,248154
2306,3,1.5,26,2,10097,0,Urban,Fair,405076
1524,3,2.5,24,2,5737,0,Urban,Excellent,414309
2397,3,1.5,29,2,11260,0,Urban,Good,499134
1498,3,1.5,17,1,3303,0,Urban,Good,278267
1850,3,1.5,29,1,5882,0,Rural,Good,231660
2916,3,2.0,24,2,8798,1,Urban,Excellent,662519
2014,2,2.0,32,2,12924,0,Rural,Fair,218335
1100,3,1.5,29,2,8134,0,Suburban,Excellent,243999
2694,4,2.0,13,2,6863,0,Suburban,Good,431803
2400,3,3.0,24,2,7501,0,Suburban,Fair,360184
2484,3,2.0,22,3,4031,0,Suburban,Average,400898
1918,3,2.0,4,2,8383,0,Suburban,Good,383225
2007,2,2.5,35,0,5696,0,Urban,Good,383615
1660,3,2.0,9,2,7311,0,Suburban,Average,278185
1380,5,2.0,23,1,13731,0,Urban,Good,343293
2717,3,2.5,11,3,13339,0,Suburban,Average,439081
1578,3,1.5,27,0,5951,0,Urban,Average,274210
1511,3,1.5,44,2,11795,1,Suburban,Average,276411
1533,3,3.0,10,2,5700,0,Rural,Good,231893
2917,3,2.0,27,2,7073,1,Urban,Fair,483553
2326,3,1.0,13,1,11666,0,Suburban,Good,421736
1579,4,1.5,9,2,11063,0,Rural,Good,255251
1772,2,3.0,3,1,10007,0,Urban,Good,400836
2106,2,1.5,24,2,7781,0,Urban,Average,362423
2327,4,2.0,38,1,8476,1,Urban,Fair,372121
833,3,2.5,20,1,4852,0,Suburban,Average,159511
2342,2,1.0,35,2,4931,0,Suburban,Good,336037
1669,3,2.0,8,2,8498,0,Suburban,Fair,239553
1388,4,2.5,38,1,7083,0,Rural,Excellent,228799
1565,5,2.0,43,2,9920,0,Suburban,Average,287064
2275,5,2.0,28,2,11043,0,Urban,Good,497253
2855,3,2.0,16,2,6146,0,Suburban,Excellent,556580
1888,4,2.5,24,0,10073,0,Rural,Excellent,275646
2134,2,2.0,9,3,10780,0,Urban,Good,494995
1311,3,1.5,31,2,10083,0,Suburban,Average,201618
2094,3,1.0,38,1,9550,0,Urban,Excellent,428177
2293,3,2.0,33,3,10179,0,Urban,Good,487341
907,5,2.0,9,3,9851,1,Urban,Good,336237
1492,4,3.0,25,2,13987,0,Rural,Good,228708
2274,3,2.0,10,2,11275,0,Urban,Excellent,624211
744,4,1.5,0,2,3460,1,Suburban,Excellent,239595
1575,4,2.0,4,2,6925,1,Suburban,Average,340765
2160,2,1.0,47,1,5832,1,Urban,Excellent,424098
785,3,1.5,1,1,8677,0,Urban,Fair,190987
1562,3,1.5,0,2,8504,0,Suburban,Average,303218
1832,5,3.0,15,3,8985,0,Rural,Good,304041
2334,4,2.0,19,3,12184,0,Suburban,Good,416043
1032,3,1.0,24,1,8552,1,Suburban,Good,236521
2465,5,3.0,42,0,6553,0,Rural,Excellent,350454
1983,2,2.0,12,3,6717,0,Suburban,Average,341414
2518,3,1.5,29,2,5280,1,Suburban,Excellent,517783
2497,3,2.0,40,0,7965,0,Urban,Fair,323148
2004,3,2.0,48,1,8644,0,Urban,Average,313035
2091,4,2.0,34,2,8278,0,Urban,Excellent,466275
756,4,2.0,46,0,8045,0,Urban,Good,153275
989,2,1.5,43,2,14874,0,Rural,Good,151865
1196,3,1.0,30,1,6780,0,Suburban,Good,202757
1591,4,2.0,0,3,4345,0,Rural,Good,272441
2359,3,2.0,36,0,10259,1,Suburban,Fair,314777
729,4,2.0,44,3,6748,1,Suburban,Average,161949
1608,3,2.0,24,2,2000,0,Urban,Good,340317
1007,4,2.0,38,2,9349,0,Urban,Good,242618
865,4,3.0,2,1,2796,0,Suburban,Average,189546
2686,3,2.5,20,2,11899,1,Suburban,Good,455952
1859,3,3.0,24,2,12921,0,Urban,Good,417937
2781,4,1.5,35,1,9285,0,Urban,Good,554818
2510,3,2.0,48,2,8396,1,Urban,Average,484731
1247,4,3.0,24,2,6072,1,Suburban,Excellent,317544
687,2,2.5,16,1,7058,0,Suburban,Good,166514
3042,3,2.0,46,3,10333,0,Suburban,Excellent,551288
1556,3,2.5,1,2,4000,0,Suburban,Average,278427
1113,4,2.0,30,2,7579,0,Suburban,Average,201447
2214,3,2.0,1,2,6291,0,Urban,Excellent,580437
1881,4,2.5,21,2,6140,0,Urban,Good,366817
1397,2,1.0,29,2,5441,0,Suburban,Excellent,240780
1592,2,1.0,31,1,8131,0,Suburban,Fair,211099
1896,4,1.5,43,2,10494,0,Urban,Excellent,429617
1844,5,1.5,1,2,7542,0,Suburban,Good,381255
2253,3,2.5,12,1,8637,0,Suburban,Average,372387
1587,3,1.5,47,3,5813,0,Suburban,Fair,223021
1594,3,3.0,38,2,11867,1,Urban,Good,391877
2160,3,1.0,27,1,12574,0,Suburban,Average,299311
1987,3,1.0,25,3,4862,1,Urban,Good,451134
2456,3,2.0,1,2,8331,0,Suburban,Excellent,487167
1650,4,2.0,49,3,5397,1,Rural,Excellent,291424
1740,2,2.0,19,0,4566,1,Suburban,Good,276326
1106,4,1.5,11,1,5659,0,Urban,Excellent,302724
2699,4,2.0,3,2,6412,1,Urban,Average,554386
963,5,1.5,4,0,13191,0,Suburban,Average,190805
1921,4,1.5,46,2,10787,1,Rural,Average,250746
1264,4,1.5,24,2,8191,0,Suburban,Excellent,291140
2002,3,2.0,33,3,7291,0,Urban,Average,349705
2246,4,2.5,16,2,11940,1,Rural,Good,375028
816,3,2.5,21,1,5582,0,Rural,Excellent,152333
1673,3,1.5,45,1,5995,0,Suburban,Good,260924
745,4,2.0,12,2,8177,0,Suburban,Good,202564
2642,3,1.5,7,1,11521,0,Suburban,Good,408536
1534,5,1.0,41,1,6250,0,Suburban,Excellent,272463
854,4,1.0,34,3,11482,0,Urban,Average,216679
1378,4,2.5,35,2,12373,0,Suburban,Average,238383
2586,4,2.0,35,2,8000,1,Suburban,Average,383949
2692,3,2.0,48,2,9114,0,Suburban,Excellent,469366
2562,4,1.5,38,1,3133,0,Suburban,Excellent,483156
1329,3,2.5,15,2,7248,1,Suburban,Average,275255
1708,3,2.0,49,1,6474,0,Urban,Average,285692
2780,5,2.0,23,3,9309,0,Suburban,Good,486840
1361,4,2.5,45,2,4633,1,Suburban,Average,267022
1599,4,2.0,49,0,8624,0,Suburban,Good,245461
1227,5,2.0,27,2,8818,0,Suburban,Average,234191
1101,3,1.5,14,2,10792,0,Suburban,Good,236989
2523,2,2.0,10,2,8226,1,Urban,Good,559318
2178,4,2.5,12,1,4856,0,Rural,Fair,246059
2069,3,2.0,38,2,7040,0,Suburban,Excellent,401269
2147,4,2.0,19,0,7600,0,Rural,Good,300016
2412,5,2.0,18,2,15851,0,Suburban,Good,499042
2706,4,2.0,35,1,5913,0,Suburban,Excellent,487389
1795,5,2.5,46,3,8185,0,Suburban,Good,326820
1595,4,2.0,6,1,7358,0,Suburban,Average,265807
1185,5,1.0,4,2,9767,0,Suburban,Good,276698
2449,3,3.0,11,2,6549,0,Suburban,Average,399032
1491,3,2.5,21,1,5374,0,Suburban,Average,258204
903,3,2.0,32,1,6805,0,Suburban,Good,153104
1638,4,1.0,6,3,9870,0,Urban,Good,405917
1814,4,2.0,39,2,11753,0,Suburban,Good,337690
2299,4,2.0,11,1,9486,0,Urban,Average,450143
2402,3,1.0,41,2,10286,0,Suburban,Good,406810
1361,3,2.0,2,2,5328,1,Suburban,Average,267588
1319,2,2.0,24,2,11774,0,Suburban,Good,279570
1603,3,2.0,0,1,5222,0,Urban,Excellent,439353
1073,3,2.0,33,2,2286,1,Rural,Good,164564
1734,5,1.5,14,1,8028,0,Urban,Good,403946
2076,3,2.5,33,2,9393,1,Suburban,Average,344682
1825,3,1.5,8,1,10609,0,Urban,Good,425733
831,3,2.0,1,3,4898,1,Suburban,Good,224355
1084,2,2.0,32,1,4080,0,Urban,Good,219884
2571,3,1.5,34,2,5975,0,Rural,Good,339222
1191,4,1.0,39,2,2872,0,Urban,Good,230977
2243,4,2.0,30,3,3825,0,Rural,Average,242057
2179,5,2.0,22,2,12334,0,Suburban,Good,406684
1606,3,1.5,11,2,10543,0,Urban,Excellent,440234
1201,4,1.0,40,2,12154,1,Urban,Good,299580
1926,4,2.0,36,1,8522,1,Urban,Excellent,512051
1268,4,1.0,12,2,5200,1,Rural,Fair,167248
1694,2,2.0,17,1,7219,0,Suburban,Good,282769
1863,4,2.5,6,2,9017,1,Suburban,Excellent,438813
1369,4,2.5,40,1,4108,0,Suburban,Average,210551
1663,4,2.0,4,2,10769,0,Rural,Excellent,320333
1614,2,2.0,29,2,6266,0,Suburban,Good,308127
1058,5,1.5,24,2,9749,0,Suburban,Average,206373
1685,4,2.0,47,1,3267,1,Urban,Average,288234
1417,3,1.5,30,2,2987,0,Urban,Excellent,336960
705,3,2.5,9,2,8913,0,Suburban,Excellent,255362
1597,2,2.0,35,1,7108,0,Urban,Good,301230
1630,2,2.0,10,3,13829,0,Urban,Good,414008
1437,4,2.5,36,2,8911,0,Suburban,Average,242330
600,4,2.0,13,2,9486,0,Suburban,Average,170125
2265,3,3.0,31,1,7212,0,Rural,Excellent,338646
2210,2,2.0,46,1,6647,0,Rural,Good,259335
2190,3,2.0,18,2,6784,0,Suburban,Good,384144
1994,2,2.5,24,2,5534,0,Suburban,Average,293047
1045,3,2.0,36,1,4647,0,Rural,Average,121277
1873,2,1.0,17,2,9171,0,Rural,Good,235345
1243,4,2.0,12,0,5818,0,Urban,Good,238351
3112,4,2.5,8,2,7241,1,Urban,Good,679545
1487,3,2.0,42,2,9694,0,Rural,Excellent,258078
2200,4,2.0,35,0,8383,1,Urban,Good,421474
868,3,3.0,45,2,5774,0,Rural,Good,145242
1092,4,2.0,9,2,9728,0,Urban,Fair,238471
1478,3,2.0,1,2,7476,0,Suburban,Good,285341
2221,2,2.0,27,1,10972,0,Urban,Good,398631
2128,3,2.0,2,1,7311,0,Urban,Excellent,534121
1972,3,1.5,0,1,7272,0,Urban,Fair,318555
687,4,1.0,16,1,10152,1,Suburban,Excellent,212749
2478,4,1.5,29,2,6623,0,Urban,Good,520897
1244,2,1.5,37,2,11026,0,Suburban,Fair,170492
2769,3,2.0,33,2,8281,0,Rural,Good,359260
2919,2,3.0,35,2,2000,1,Urban,Good,624176
2295,3,1.5,24,2,10150,1,Rural,Good,330966
2393,4,2.0,10,1,4597,0,Rural,Excellent,388757
1043,3,1.5,11,2,6188,0,Urban,Good,272321
3348,3,2.0,18,0,6133,0,Suburban,Average,449134
1930,3,1.0,2,2,4039,0,Urban,Good,411407
2399,2,2.0,10,1,14602,0,Suburban,Good,445051
1285,4,2.0,22,1,8385,0,Urban,Average,270696
1760,4,2.0,41,0,10332,0,Suburban,Good,297775
1087,3,1.0,17,1,9245,0,Urban,Good,243727
1656,3,2.0,33,0,8740,0,Urban,Good,309971
1809,3,1.0,5,2,6410,0,Rural,Good,251595
1953,4,2.5,44,2,4269,0,Rural,Fair,202318
2637,4,2.0,8,2,13036,0,Rural,Fair,340796
2088,3,2.5,8,2,6519,0,Urban,Average,383898
1946,2,2.5,3,2,10208,0,Suburban,Good,363826
1823,2,2.0,7,1,16314,0,Suburban,Average,306847
3006,3,2.5,6,1,5172,0,Suburban,Good,513617
1452,4,2.0,42,3,7440,0,Suburban,Fair,214426
2512,3,2.5,32,2,6809,1,Rural,Excellent,403128
623,3,2.5,25,1,4923,0,Urban,Average,155670
1273,2,1.5,39,2,7743,0,Suburban,Average,187375
2046,3,2.0,3,2,7487,0,Urban,Excellent,506195
1703,4,2.0,42,3,8694,0,Suburban,Excellent,366735
3604,4,1.0,24,1,4969,0,Rural,Excellent,516646
3347,2,1.5,2,1,10629,0,Suburban,Fair,468858
888,3,1.5,33,2,11120,0,Suburban,Good,202834
1157,3,2.0,14,1,7980,0,Suburban,Good,224336
1714,3,2.0,13,3,12906,0,Urban,Average,387172
2844,3,1.5,34,2,6721,0,Urban,Average,451941
2482,4,2.5,39,3,6063,0,Urban,Excellent,608591
1996,2,1.5,43,2,9428,0,Suburban,Good,324856
951,3,2.5,0,2,11325,1,Suburban,Average,238168
1293,3,2.5,7,3,12364,0,Urban,Good,382935
600,4,1.5,28,3,3816,0,Urban,Excellent,209932
879,4,2.0,34,3,4294,1,Rural,Average,146611
2057,2,2.0,22,1,8865,0,Rural,Excellent,296295
2275,3,2.0,7,0,2578,1,Suburban,Average,363358
1019,3,3.0,24,1,7562,0,Urban,Good,238579
1866,3,3.0,48,2,9728,0,Suburban,Average,286640
2778,4,2.0,11,2,8699,0,Suburban,Good,464940
1900,2,2.0,20,1,12180,0,Urban,Good,403331
1618,3,1.5,32,1,2000,0,Suburban,Good,266178
2169,4,2.0,5,2,10976,0,Suburban,Good,413279
2119,5,2.0,3,2,5940,1,Urban,Good,531733
1851,2,2.5,18,2,4214,0,Urban,Good,388855
1481,4,1.5,1,3,9911,0,Suburban,Good,340011
1548,3,2.0,45,1,3444,0,Suburban,Fair,197331
1857,4,1.5,35,2,7189,1,Suburban,Good,334221
1473,3,2.5,18,1,9228,0,Suburban,Excellent,336861
2602,4,3.0,38,2,5764,0,Suburban,Good,456064
2338,3,1.0,13,0,9344,0,Urban,Good,455288
2455,4,1.0,31,1,9401,0,Suburban,Good,409298
3019,3,2.5,26,2,11641,0,Suburban,Average,468919
2750,4,2.0,8,2,7982,0,Urban,Good,590816
2654,3,2.0,7,1,11649,0,Urban,Average,524601
2025,2,3.0,18,3,5933,0,Suburban,Average,349853
1687,3,3.0,14,2,13301,0,Rural,Average,233740
3183,4,1.5,11,2,9855,0,Urban,Good,655444
1398,4,2.0,22,2,4076,0,Urban,Good,307018
1431,3,3.0,19,3,11750,0,Suburban,Good,310505
1281,3,3.0,43,2,8723,0,Suburban,Average,222222
1931,5,2.0,11,2,6232,0,Urban,Good,394154
2053,4,2.0,7,2,11099,0,Urban,Excellent,539399
2420,3,2.5,8,1,8382,0,Suburban,Average,399611
1667,4,1.5,5,2,10236,1,Urban,Good,439328
762,3,2.0,29,1,9645,0,Urban,Good,196002
1993,3,1.0,22,2,2000,1,Rural,Good,268426
2386,3,1.5,39,1,9421,0,Urban,Good,445129
1821,3,1.5,0,2,8967,1,Suburban,Average,340873
1722,2,2.0,23,1,10895,0,Urban,Average,311702
2139,3,2.5,34,2,8376,0,Urban,Average,393222
2662,4,3.0,47,2,8300,0,Suburban,Average,370637
1762,4,1.5,37,2,7995,0,Suburban,Good,299889
950,3,1.5,5,2,7054,1,Rural,Excellent,221890
1463,4,2.0,33,2,9872,0,Urban,Average,302328
1702,3,2.0,10,2,7718,0,Rural,Excellent,299245
721,4,2.5,31,1,11096,0,Urban,Fair,154066
2263,4,2.0,47,2,10909,0,Rural,Average,250500
1341,2,2.5,30,2,7478,0,Rural,Good,201653
2106,4,1.5,46,2,3070,0,Suburban,Average,293392
1918,4,2.0,47,2,4488,0,Suburban,Average,301863
1614,3,1.5,30,2,7067,0,Suburban,Average,240320
2778,3,3.0,29,2,5330,1,Suburban,Average,475287
1464,3,3.0,26,1,7763,0,Urban,Fair,246736
1397,3,2.0,28,1,5900,0,Suburban,Average,218472
1976,2,2.5,33,3,9742,0,Suburban,Good,354008
2304,3,2.0,25,0,2340,0,Suburban,Good,360391
1799,4,3.0,36,2,12382,0,Urban,Excellent,439215
1211,3,2.5,44,2,10542,0,Suburban,Average,207137
2215,3,2.0,40,2,7585,0,Urban,Average,375331
2163,4,2.0,41,2,5785,0,Rural,Excellent,335526
3045,3,2.0,2,2,8812,0,Urban,Excellent,782652
1668,3,1.5,43,2,10712,0,Suburban,Good,305343
